,click_through_rate,conversion_rate,view_time,cost_per_click,ROI,day_of_week,day_of_month,month,is_month_start,is_month_end,is_weekend,is_holiday,age_group_encoded,engagement_level_encoded,device_type_Mobile,device_type_Tablet,location_Germany,location_India,location_UK,location_USA,gender_Male,content_type_Text,content_type_Video,ad_topic_Electronics,ad_topic_Entertainment,ad_topic_Fashion,ad_topic_Finance,ad_topic_Food,ad_topic_Health,ad_topic_Travel,ad_target_audience_Fitness Lovers,ad_target_audience_Professionals,ad_target_audience_Students,ad_target_audience_Tech Enthusiasts,ad_target_audience_Travel Lovers,ad_target_audience_Young Adults
0,0.1267,0.1767,49,0.65,4.44,0,18,8,0,0,0,0,0,5.0,0,0,1,0,0,0,0,0,1,0,0,0,0,0,0,0,0,0,0,0,0,0
1,0.0606,0.1845,13,1.17,1.1,2,2,4,1,0,0,0,1,0.0,0,1,0,0,0,0,0,0,0,0,0,0,0,0,0,0,0,0,1,0,0,0
2,0.0388,0.0791999999999999,14,0.46,3.47,2,17,12,0,0,0,0,1,0.0,1,0,0,0,1,0,0,1,0,0,0,1,0,0,0,0,0,0,0,1,0,0
3,0.071,0.2163,60,0.71,8.02,6,16,11,0,0,1,0,4,15.0,1,0,0,0,0,0,1,0,1,0,0,0,0,0,0,1,0,0,0,0,1,0
4,0.0966,0.2682,56,0.77,7.11,2,26,11,0,1,0,0,1,15.0,0,0,1,0,0,0,1,0,1,0,0,0,0,0,0,0,0,0,0,0,0,1
5,0.0548,0.1566,5,0.75,3.47,0,6,1,1,0,0,0,1,0.0,0,0,0,0,0,1,1,0,0,0,0,0,0,0,1,0,1,0,0,0,0,0
6,0.037,0.1263,20,0.4,2.28,0,19,5,0,0,0,0,1,,0,1,0,0,0,0,0,1,0,0,1,0,0,0,0,0,0,0,0,1,0,0
7,0.1019,0.1946999999999999,42,0.79,6.11,2,10,9,0,0,0,0,0,5.0,1,0,0,1,0,0,1,0,0,0,0,1,0,0,0,0,0,0,0,0,0,0
8,0.0202,0.0885,23,0.51,0.24,1,2,12,1,0,0,0,4,,0,1,0,0,1,0,0,1,0,0,0,0,0,1,0,0,0,0,0,0,1,0
9,0.0413,0.0858,10,0.5,2.6,6,2,11,1,0,1,0,1,0.0,1,0,1,0,0,0,0,1,0,0,0,0,0,0,1,0,0,0,0,0,1,0
10,0.0302,0.0791999999999999,13,0.7,1.26,3,13,11,0,0,0,0,1,0.0,0,1,0,0,1,0,1,1,0,0,0,0,0,0,1,0,0,0,0,0,1,0
11,0.0369,0.1635,64,0.43,12.65,4,16,5,0,0,0,0,4,15.0,1,0,1,0,0,0,0,0,0,0,0,1,0,0,0,0,0,0,0,0,0,0
12,0.0739,0.168,7,1.07,2.3,5,27,12,0,1,1,0,2,0.0,0,1,0,0,0,1,1,0,1,0,0,0,0,0,0,1,1,0,0,0,0,0
13,0.0782,0.1845,48,0.64,4.11,3,27,2,0,1,0,0,2,15.0,1,0,0,0,1,0,0,0,1,0,0,1,0,0,0,0,0,0,0,0,1,0
14,0.0602,0.1845,32,0.35,7.04,6,9,11,0,0,1,0,2,5.0,1,0,0,0,1,0,0,0,0,0,1,0,0,0,0,0,0,0,0,1,0,0
15,0.0353,0.1268999999999999,15,0.59,3.68,2,10,12,0,0,0,0,3,,0,1,1,0,0,0,1,0,0,0,0,0,0,0,1,0,0,0,0,1,0,0
16,0.0465,0.1202999999999999,22,1.22,0.33,2,8,10,0,0,0,0,2,,0,0,1,0,0,0,1,0,0,0,0,0,0,0,0,0,0,1,0,0,0,0
17,0.0813,0.1695,15,0.2,5.29,1,5,8,1,0,0,0,0,,1,0,0,0,0,1,1,0,0,0,1,0,0,0,0,0,1,0,0,0,0,0
18,0.0331,0.1059,48,0.55,4.86,0,11,8,0,0,0,0,0,15.0,0,1,0,0,0,1,1,1,0,0,0,1,0,0,0,0,0,0,0,1,0,0
19,0.1054,0.1794,20,0.44,10.84,5,20,12,0,0,1,0,0,,1,0,0,1,0,0,1,0,0,0,0,0,0,1,0,0,0,0,0,0,0,1
20,0.0668,0.2532,30,0.98,5.57,1,15,4,0,0,0,0,3,5.0,0,1,1,0,0,0,0,0,1,0,0,0,0,0,1,0,1,0,0,0,0,0
21,0.0241,0.1185,20,0.22,4.13,5,15,3,0,0,1,0,4,,1,0,0,0,1,0,0,1,0,0,1,0,0,0,0,0,0,0,0,0,0,0
22,0.0909,0.1914,26,0.89,0.82,1,15,7,0,0,0,0,1,,0,1,1,0,0,0,1,0,1,0,0,0,0,0,0,0,0,0,0,0,0,0
23,0.1002,0.2679,28,0.35,9.42,2,20,8,0,0,0,0,0,,0,0,1,0,0,0,1,0,1,0,0,0,0,1,0,0,0,0,0,1,0,0
24,0.0678,0.1803,54,1.19,4.51,3,18,12,0,0,0,0,4,15.0,1,0,0,1,0,0,0,0,1,0,0,0,1,0,0,0,0,0,0,0,1,0
25,0.1275,0.2748,27,0.43,13.85,4,8,8,0,0,0,0,1,,1,0,0,0,0,1,0,0,1,0,0,0,0,1,0,0,1,0,0,0,0,0
26,0.1281,0.2469,42,0.3,22.31,6,25,5,0,1,1,0,0,5.0,1,0,0,0,1,0,1,0,1,0,0,0,0,1,0,0,0,0,0,0,1,0
27,0.0377,0.1251,76,0.47,5.46,0,13,10,0,0,0,0,1,50.0,0,1,0,0,1,0,1,1,0,0,1,0,0,0,0,0,0,0,0,1,0,0
28,0.0586,0.1134,40,0.78,0.32,0,30,6,0,1,0,0,2,5.0,1,0,1,0,0,0,1,0,0,0,0,0,0,0,0,0,0,1,0,0,0,0
29,0.0404,0.1725,35,0.4,2.82,1,10,6,0,0,0,0,4,5.0,0,0,0,0,0,1,1,0,0,0,1,0,0,0,0,0,0,1,0,0,0,0
30,0.0808,0.2004,15,0.9,2.63,3,18,9,0,0,0,0,0,0.0,0,1,0,0,0,0,1,0,1,0,0,0,0,0,0,0,0,0,1,0,0,0
31,0.041,0.1434,30,1.02,1.01,4,18,7,0,0,0,0,2,,0,0,0,1,0,0,0,0,0,0,0,0,0,0,0,1,0,0,0,0,1,0
32,0.0541,0.1485,86,0.63,3.3,6,16,11,0,0,1,0,2,50.0,1,0,0,0,1,0,0,0,0,0,0,1,0,0,0,0,0,0,0,0,1,0
33,0.0588,0.2163,30,0.81,5.6,4,28,11,0,1,0,0,2,5.0,0,1,0,0,0,1,0,0,1,1,0,0,0,0,0,0,0,0,0,0,1,0
34,0.0587,0.2256,24,0.79,7.09,6,30,3,0,1,1,0,3,,0,0,1,0,0,0,0,0,1,0,0,0,0,0,0,1,0,0,1,0,0,0
35,0.0871,0.15,47,1.73,0.34,3,13,11,0,0,0,0,3,15.0,1,0,0,0,0,0,0,0,1,0,0,0,1,0,0,0,0,0,0,0,0,1
36,0.0258,0.0855,7,0.96,0.05,6,29,6,0,1,1,0,3,0.0,0,1,0,0,0,0,0,1,0,0,0,0,0,0,1,0,0,0,0,0,0,0
37,0.0325,0.1548,66,1.03,1.92,3,13,3,0,0,0,0,3,15.0,0,1,0,0,0,1,0,0,0,0,0,0,0,0,0,0,1,0,0,0,0,0
38,0.1332,0.2594999999999999,50,1.68,2.83,2,22,10,0,0,0,0,0,15.0,1,0,0,0,0,0,1,0,1,0,0,0,1,0,0,0,0,0,1,0,0,0
39,0.0593,0.2616,23,0.75,3.2,6,10,8,0,0,1,0,4,,0,1,0,0,1,0,1,0,1,1,0,0,0,0,0,0,0,0,1,0,0,0
40,0.0778,0.2124,41,0.51,13.46,2,22,10,0,0,0,0,1,5.0,0,0,0,1,0,0,0,0,1,0,0,0,0,0,0,1,1,0,0,0,0,0
41,0.0419,0.1251,16,0.64,5.03,4,14,3,0,0,0,0,3,,1,0,0,0,0,1,0,0,0,0,0,0,0,0,0,1,0,0,1,0,0,0
42,0.0322,0.0728999999999999,27,0.94,0.94,5,9,8,0,0,1,0,1,,0,0,0,1,0,0,0,1,0,0,0,0,0,0,1,0,1,0,0,0,0,0
43,0.0294,0.1668,46,0.61,2.39,0,6,10,1,0,0,0,4,15.0,0,1,0,0,0,1,1,0,0,0,0,0,0,0,0,1,0,0,1,0,0,0
44,0.0789,0.2507999999999999,73,0.28,13.65,5,20,12,0,0,1,0,3,50.0,1,0,0,0,0,0,0,0,1,0,0,0,0,1,0,0,0,0,0,1,0,0
45,0.1295,0.2870999999999999,14,1.08,5.03,4,26,12,0,1,0,0,0,0.0,1,0,0,1,0,0,0,0,1,0,0,0,0,0,0,0,0,0,1,0,0,0
46,0.0576,0.1866,18,0.44,8.83,2,26,3,0,1,0,0,1,,0,1,0,0,1,0,0,0,0,0,0,1,0,0,0,0,0,1,0,0,0,0
47,0.0609,0.1845,36,0.41,9.06,2,11,6,0,0,0,0,1,5.0,1,0,1,0,0,0,1,0,0,0,0,0,0,1,0,0,0,0,0,0,0,1
48,0.0481,0.1752,44,0.57,3.04,3,27,2,0,1,0,0,1,5.0,0,0,0,1,0,0,1,0,0,0,0,1,0,0,0,0,0,0,0,0,1,0
49,0.0723,0.1931999999999999,14,1.04,1.09,1,11,2,0,0,0,0,0,0.0,1,0,1,0,0,0,0,0,0,1,0,0,0,0,0,0,0,0,0,0,0,1
50,0.0299,0.1356,19,0.54,3.73,4,19,9,0,0,0,0,4,,0,0,1,0,0,0,0,0,0,0,0,0,0,0,1,0,0,0,0,0,0,1
51,0.0251,0.0807,7,0.5,3.88,4,3,10,1,0,0,0,4,0.0,1,0,0,0,1,0,0,1,0,0,0,0,0,1,0,0,1,0,0,0,0,0
52,0.0474,0.1848,68,1.08,1.78,0,3,2,1,0,0,0,2,15.0,0,0,1,0,0,0,0,0,0,0,0,0,0,0,0,1,0,0,1,0,0,0
53,0.0179,0.0902999999999999,34,0.28,10.12,1,5,8,1,0,0,0,4,5.0,0,1,1,0,0,0,0,1,0,0,0,0,0,1,0,0,0,0,0,0,0,1
54,0.0619,0.1488,13,0.67,2.26,2,17,12,0,0,0,0,1,0.0,1,0,1,0,0,0,0,0,0,0,0,0,0,0,0,0,0,0,0,0,0,1
55,0.1131,0.2313,52,0.26,30.05,6,27,4,0,1,1,0,1,15.0,0,0,0,0,1,0,1,0,1,0,1,0,0,0,0,0,0,0,0,0,1,0
56,0.0214,0.1146,14,0.95,0.27,2,13,8,0,0,0,0,4,0.0,1,0,0,0,0,1,1,1,0,0,0,0,0,0,0,1,0,0,0,1,0,0
57,0.0317,0.1212,10,0.26,8.25,4,22,8,0,0,0,0,2,0.0,0,1,0,1,0,0,0,1,0,0,0,0,0,1,0,0,0,0,1,0,0,0
58,0.0472,0.1944,31,0.93,3.16,6,7,12,1,0,1,0,4,5.0,0,0,1,0,0,0,1,0,1,0,0,0,0,0,1,0,1,0,0,0,0,0
59,0.0422,0.0915,32,0.29,6.83,5,4,10,1,0,1,0,0,5.0,0,0,0,0,0,1,1,1,0,0,0,0,0,1,0,0,0,0,0,0,0,0
60,0.0277,0.1227,43,0.9,1.52,0,13,1,0,0,0,0,3,5.0,0,0,0,0,0,0,0,1,0,1,0,0,0,0,0,0,0,1,0,0,0,0
61,0.0518,0.1143,28,0.48,2.73,4,21,11,0,0,0,0,1,,1,0,0,1,0,0,0,1,0,0,1,0,0,0,0,0,0,0,0,0,0,0
62,0.0231,0.1071,11,0.54,4.91,3,13,11,0,0,0,0,3,0.0,0,1,0,0,0,1,1,1,0,0,0,0,0,0,1,0,1,0,0,0,0,0
63,0.0713,0.1206,30,0.41,2.72,5,8,2,0,0,1,0,0,5.0,1,0,1,0,0,0,0,0,0,0,0,0,0,1,0,0,0,1,0,0,0,0
64,0.0729,0.171,62,0.69,1.15,2,12,3,0,0,0,0,1,15.0,1,0,0,0,0,1,1,0,0,0,0,0,0,0,0,1,0,1,0,0,0,0
65,0.0261,0.0912,36,0.65,3.7,5,29,3,0,1,1,0,2,5.0,0,1,1,0,0,0,1,1,0,0,0,1,0,0,0,0,0,0,1,0,0,0
66,0.0427,0.1038,8,0.77,2.5,6,3,8,1,0,1,0,0,0.0,1,0,0,0,0,1,1,1,0,1,0,0,0,0,0,0,0,0,0,0,1,0
67,0.0519,0.1482,10,0.41,2.01,1,22,7,0,0,0,0,2,0.0,0,0,0,0,0,1,1,0,0,0,0,0,0,1,0,0,0,0,1,0,0,0
68,0.0498,0.2619,24,1.06,4.24,3,23,10,0,0,0,0,4,,0,0,0,1,0,0,0,0,1,0,0,0,0,0,0,1,0,0,0,0,1,0
69,0.0785,0.2445,22,0.34,9.02,1,24,6,0,1,0,0,2,,0,1,0,0,0,1,0,0,1,0,0,0,0,1,0,0,0,0,0,0,0,1
70,0.0406,0.1431,7,0.86,2.48,0,17,11,0,0,0,0,3,0.0,0,0,0,0,1,0,0,0,0,0,0,0,0,0,1,0,0,0,1,0,0,0
71,0.0313,0.1881,53,0.3,4.97,6,12,10,0,0,1,0,4,15.0,0,1,0,1,0,0,0,0,0,0,0,0,0,1,0,0,0,0,0,0,0,1
72,0.0306,0.1047,15,1.1,1.92,3,9,1,0,0,0,0,2,0.0,1,0,0,0,0,0,0,1,0,0,0,0,1,0,0,0,1,0,0,0,0,0
73,0.0202,0.0876,11,0.63,2.02,0,16,6,0,0,0,0,3,0.0,0,1,1,0,0,0,1,1,0,0,0,0,0,0,0,1,0,0,0,0,1,0
74,0.0532,0.1728,15,1.04,3.26,2,29,1,0,1,0,0,2,0.0,0,0,0,0,0,0,1,0,0,0,0,0,0,0,0,0,0,0,0,0,1,0
75,0.055,0.159,10,0.77,2.25,3,28,8,0,1,0,0,1,0.0,0,0,0,0,0,0,0,0,0,0,0,0,0,0,0,1,0,0,0,1,0,0
76,0.0896,0.1866,50,0.53,4.91,4,26,12,0,1,0,0,1,5.0,0,1,0,0,0,0,1,0,1,0,1,0,0,0,0,0,0,0,0,0,1,0
77,0.0483,0.1407,47,1.14,1.47,5,15,2,0,0,1,0,3,15.0,0,0,0,0,0,0,1,0,0,1,0,0,0,0,0,0,0,1,0,0,0,0
78,0.1174,0.2661,48,0.48,9.89,1,21,1,0,0,0,0,0,15.0,0,0,0,0,0,0,0,0,1,0,1,0,0,0,0,0,0,0,0,0,1,0
79,0.0482,0.1820999999999999,24,0.44,11.39,3,26,6,0,1,0,0,2,,0,1,0,0,0,0,1,0,0,0,0,0,0,1,0,0,0,0,0,0,0,1
80,0.0189,0.1137,17,1.84,-0.44,5,15,3,0,0,1,0,3,,0,1,0,0,0,1,0,1,0,0,0,0,1,0,0,0,0,0,0,1,0,0
81,0.0245,0.0975,20,0.6,3.94,2,30,4,0,1,0,0,4,,1,0,1,0,0,0,1,1,0,0,0,0,0,1,0,0,1,0,0,0,0,0
82,0.061,0.1863,44,1.13,2.81,6,5,1,1,0,1,0,2,5.0,1,0,0,0,0,0,1,0,0,0,0,0,1,0,0,0,0,0,1,0,0,0
83,0.0473,0.1344,43,0.43,1.91,0,8,12,0,0,0,0,2,5.0,0,0,0,0,0,0,1,0,0,0,0,0,0,1,0,0,1,0,0,0,0,0
84,0.0366,0.189,33,0.59,9.01,2,24,9,0,1,0,0,4,5.0,1,0,0,0,1,0,1,0,0,0,0,0,0,0,0,1,0,0,0,0,0,1
85,0.0897,0.1665,81,0.28,16.6,1,14,1,0,0,0,0,0,50.0,0,0,1,0,0,0,1,0,1,0,0,0,0,1,0,0,0,0,0,0,0,1
86,0.0311,0.0738,32,0.64,1.42,3,24,4,0,1,0,0,1,5.0,0,0,0,0,0,1,0,1,0,0,0,0,0,0,0,1,0,0,0,0,1,0
87,0.0538,0.1992,60,0.45,15.64,6,2,2,1,0,1,0,1,50.0,0,1,0,0,0,0,0,0,0,0,0,0,0,1,0,0,0,0,0,1,0,0
88,0.1288,0.2169,39,0.4,13.32,2,9,4,0,0,0,0,0,5.0,0,0,0,1,0,0,0,0,1,0,0,0,0,1,0,0,0,0,0,0,0,0
89,0.0979,0.2343,57,1.3,0.85,5,14,6,0,0,1,0,2,15.0,1,0,0,1,0,0,1,0,1,0,0,0,1,0,0,0,0,0,1,0,0,0
90,0.0768,0.1893,35,0.67,5.49,6,31,8,0,1,1,0,1,5.0,1,0,0,0,0,1,1,0,0,0,0,1,0,0,0,0,0,0,0,0,0,1
91,0.0283,0.1224,40,0.88,2.29,1,30,12,0,1,0,0,2,5.0,0,1,0,0,0,0,1,1,0,0,0,0,0,0,0,0,0,0,0,0,0,1
92,0.0402,0.1128,25,0.22,14.57,5,26,4,0,1,1,0,2,,0,0,0,0,0,1,1,0,0,0,1,0,0,0,0,0,0,0,0,0,0,0
93,0.0707,0.159,56,0.72,0.83,3,24,4,0,1,0,0,1,15.0,1,0,1,0,0,0,1,0,0,0,0,0,0,0,0,0,0,1,0,0,0,0
94,0.0501,0.1719,62,0.48,9.8,6,24,8,0,0,1,0,4,50.0,0,1,0,0,0,1,1,0,1,0,0,0,0,0,1,0,0,0,0,0,1,0
95,0.0994,0.1977,45,1.35,3.8,1,14,1,0,0,0,0,2,5.0,1,0,0,0,0,1,1,0,1,0,0,0,1,0,0,0,0,0,1,0,0,0
96,0.0686,0.237,36,0.45,16.96,6,6,4,1,0,1,0,2,5.0,0,0,0,1,0,0,0,0,1,0,0,0,0,0,1,0,0,0,0,0,1,0
97,0.0396,0.1008,84,1.3,1.31,4,26,9,0,1,0,0,1,50.0,0,0,0,0,0,0,0,1,0,0,0,0,0,0,0,0,0,0,0,0,1,0
98,0.0287,0.1176,37,0.27,13.01,2,9,4,0,0,0,0,2,5.0,0,0,0,0,0,0,1,1,0,0,1,0,0,0,0,0,0,0,0,0,0,0
99,0.0251,0.0864,15,0.58,1.1,1,11,3,0,0,0,0,4,0.0,0,0,0,0,0,0,0,1,0,0,0,0,0,0,1,0,0,1,0,0,0,0
100,0.0833,0.1587,62,0.73,1.68,1,13,5,0,0,0,0,0,15.0,1,0,0,1,0,0,1,0,0,0,0,0,0,0,0,0,1,0,0,0,0,0
101,0.0732,0.258,26,0.8,3.36,3,14,8,0,0,0,0,2,,0,0,0,1,0,0,0,0,1,0,0,0,0,0,0,0,0,0,0,0,0,1
102,0.0921,0.2607,15,0.76,7.39,4,9,5,0,0,0,0,2,,0,0,0,0,0,1,0,0,1,0,0,0,0,0,1,0,0,1,0,0,0,0
103,0.0269,0.0798,69,0.98,0.55,6,13,7,0,0,1,0,1,50.0,0,1,0,0,0,0,1,1,0,0,0,0,0,0,1,0,0,0,0,1,0,0
104,0.0205,0.1268999999999999,33,0.7,2.35,1,8,7,0,0,0,0,4,5.0,0,1,0,1,0,0,1,1,0,0,0,0,0,0,1,0,0,0,0,0,1,0
105,0.0507,0.0776999999999999,9,0.63,1.66,6,23,3,0,0,1,0,0,0.0,1,0,0,0,1,0,1,1,0,1,0,0,0,0,0,0,0,0,0,0,0,1
106,0.0418,0.1092,47,0.48,3.39,0,19,5,0,0,0,0,3,5.0,0,0,0,0,1,0,0,0,0,0,1,0,0,0,0,0,0,0,0,0,1,0
107,0.0341,0.1641,20,0.95,3.42,1,25,2,0,1,0,0,4,,0,0,0,0,1,0,0,0,0,0,0,0,0,0,1,0,0,0,0,0,1,0
108,0.0274,0.1113,9,1.22,0.35,1,24,6,0,1,0,0,3,0.0,0,0,0,0,0,0,1,1,0,0,0,0,1,0,0,0,0,0,0,1,0,0
109,0.1161,0.1587,8,0.86,1.71,1,25,2,0,1,0,0,0,0.0,1,0,0,0,1,0,1,0,1,1,0,0,0,0,0,0,1,0,0,0,0,0
110,0.0369,0.1827,58,1.25,2.68,6,23,2,0,1,1,0,3,15.0,0,0,0,1,0,0,1,0,0,0,0,0,0,0,0,0,0,1,0,0,0,0
111,0.0418,0.1362,17,0.53,4.21,5,27,12,0,1,1,0,2,,0,1,1,0,0,0,0,0,0,0,1,0,0,0,0,0,0,0,0,0,1,0
112,0.0591,0.1512,13,0.74,1.49,0,6,10,1,0,0,0,2,0.0,0,0,1,0,0,0,1,0,0,0,0,1,0,0,0,0,0,0,1,0,0,0
113,0.0544,0.1626,26,0.95,3.14,2,9,4,0,0,0,0,3,,1,0,0,0,1,0,1,0,0,1,0,0,0,0,0,0,1,0,0,0,0,0
114,0.0703,0.2592,90,0.63,11.09,0,24,3,0,0,0,0,3,50.0,0,1,0,0,1,0,1,0,1,0,0,0,0,0,0,0,0,0,0,0,1,0
115,0.0735,0.1953,29,1.44,1.7,2,1,10,1,0,0,0,0,,0,0,0,0,0,1,1,0,0,0,0,0,1,0,0,0,0,0,0,0,0,0
116,0.0457,0.1179,12,0.7,2.49,2,23,4,0,0,0,0,0,0.0,1,0,0,0,0,0,0,1,0,1,0,0,0,0,0,0,0,1,0,0,0,0
117,0.0709,0.1842,78,1.02,5.76,1,18,2,0,0,0,0,1,50.0,0,1,0,0,0,1,0,0,1,1,0,0,0,0,0,0,0,0,0,0,1,0
118,0.0758,0.1326,44,1.34,1.93,5,13,12,0,0,1,0,0,5.0,0,0,0,0,1,0,0,0,0,0,0,0,1,0,0,0,0,0,0,1,0,0
119,0.0692,0.2532,15,0.86,4.57,2,10,12,0,0,0,0,3,0.0,0,0,0,1,0,0,0,0,1,1,0,0,0,0,0,0,0,0,0,1,0,0
120,0.0373,0.0765,44,0.88,0.14,3,18,9,0,0,0,0,1,5.0,0,1,0,1,0,0,0,1,0,0,0,0,0,0,0,1,1,0,0,0,0,0
121,0.0627,0.1896,12,0.41,12.38,0,23,6,0,0,0,0,1,0.0,0,1,0,1,0,0,1,0,0,0,0,0,0,1,0,0,0,0,0,0,0,0
122,0.0226,0.093,8,0.75,1.85,5,15,3,0,0,1,0,2,0.0,0,1,0,0,1,0,0,1,0,0,0,0,0,0,1,0,1,0,0,0,0,0
123,0.1119,0.2022,45,0.52,2.17,0,17,11,0,0,0,0,1,5.0,1,0,0,0,0,0,0,0,1,0,1,0,0,0,0,0,0,1,0,0,0,0
124,0.0514,0.1575,15,1.4,2.02,4,7,11,1,0,0,0,2,0.0,1,0,1,0,0,0,1,0,0,0,0,0,1,0,0,0,0,0,0,0,0,0
125,0.1011,0.201,5,1.13,0.32,0,15,12,0,0,0,0,1,0.0,1,0,0,1,0,0,1,0,1,0,0,0,0,0,0,0,0,0,0,0,1,0
126,0.063,0.2274,32,0.52,3.15,6,19,10,0,0,1,0,2,5.0,0,1,0,1,0,0,1,0,1,0,1,0,0,0,0,0,0,0,1,0,0,0
127,0.0643,0.1782,23,1.15,2.23,1,18,2,0,0,0,0,1,,0,1,0,1,0,0,1,0,0,1,0,0,0,0,0,0,1,0,0,0,0,0
128,0.0488,0.1878,22,0.49,11.13,5,15,11,0,0,1,0,2,,1,0,0,0,0,1,1,0,0,0,0,0,0,0,1,0,0,0,1,0,0,0
129,0.0653,0.2352,19,0.35,7.88,5,22,11,0,0,1,0,4,,1,0,0,0,0,0,1,0,1,0,1,0,0,0,0,0,0,0,0,0,1,0
130,0.1298,0.2388,42,0.59,10.36,2,5,3,1,0,0,0,0,5.0,0,0,0,1,0,0,1,0,1,0,0,0,0,1,0,0,1,0,0,0,0,0
131,0.0576,0.198,23,0.24,8.45,0,30,6,0,1,0,0,3,,0,1,0,0,0,1,1,0,1,0,1,0,0,0,0,0,0,1,0,0,0,0
132,0.0336,0.1119,20,1.04,1.03,2,13,8,0,0,0,0,2,,0,0,0,0,0,1,1,1,0,0,0,0,1,0,0,0,0,0,0,0,0,0
133,0.0914,0.2751,24,0.81,6.22,1,29,4,0,1,0,0,1,,0,1,0,0,1,0,0,0,1,0,0,0,0,0,0,1,1,0,0,0,0,0
134,0.0946,0.18,16,0.68,1.55,4,21,3,0,0,0,0,0,,0,1,0,1,0,0,1,0,1,0,0,1,0,0,0,0,0,0,0,0,1,0
135,0.0846,0.204,30,0.28,12.31,6,23,2,0,1,1,0,0,,1,0,0,0,0,1,1,0,0,0,1,0,0,0,0,0,0,0,1,0,0,0
136,0.0799,0.2193,67,1.18,5.74,3,14,8,0,0,0,0,3,50.0,0,0,0,0,0,1,0,0,1,1,0,0,0,0,0,0,0,0,0,0,0,0
137,0.0585,0.1473,18,1.87,-0.07,1,28,1,0,1,0,0,1,,0,0,0,1,0,0,1,0,0,0,0,0,1,0,0,0,0,0,0,0,1,0
138,0.0577,0.1776,19,0.73,3.7,1,3,6,1,0,0,0,4,,1,0,1,0,0,0,0,0,1,0,0,1,0,0,0,0,0,0,0,1,0,0
139,0.0617,0.1971,22,0.85,1.59,6,21,12,0,0,1,0,1,,0,1,0,0,0,1,0,0,0,0,0,0,0,0,0,1,0,0,0,0,0,1
140,0.0434,0.1668,15,1.48,0.61,4,31,10,0,1,0,0,3,,0,0,0,0,0,0,1,0,0,0,0,0,0,0,0,0,0,0,0,0,0,1
141,0.0595,0.1869,27,0.63,8.06,4,17,1,0,0,0,0,1,,0,0,0,0,0,1,0,0,0,0,0,0,0,0,1,0,0,0,0,0,1,0
142,0.0908,0.1371,9,1.11,1.8,4,13,6,0,0,0,0,1,0.0,1,0,0,0,0,0,1,0,0,1,0,0,0,0,0,0,0,0,0,0,0,0
143,0.0386,0.1446,35,0.36,11.01,3,10,7,0,0,0,0,4,5.0,0,0,0,0,1,0,1,0,0,0,0,1,0,0,0,0,0,1,0,0,0,0
144,0.0618,0.1716,24,1.06,2.2,3,6,3,1,0,0,0,1,,1,0,0,0,0,0,0,0,0,0,0,0,0,0,0,1,0,1,0,0,0,0
145,0.0688,0.1557,55,0.29,16.01,0,27,1,0,1,0,0,3,15.0,1,0,0,1,0,0,0,0,1,0,1,0,0,0,0,0,0,0,0,1,0,0
146,0.0434,0.1206,23,0.63,4.49,4,20,6,0,0,0,0,0,,1,0,0,0,0,0,0,1,0,0,0,0,0,0,1,0,0,1,0,0,0,0
147,0.0651,0.1752,18,0.59,3.45,5,15,3,0,0,1,0,2,,0,1,0,0,1,0,1,0,1,0,0,0,0,1,0,0,0,0,1,0,0,0
148,0.133,0.2244,65,0.83,3.75,2,14,5,0,0,0,0,0,50.0,1,0,0,0,0,1,1,0,1,0,0,0,1,0,0,0,0,0,0,0,1,0
149,0.0554,0.1842,27,0.4,13.41,2,14,5,0,0,0,0,2,,0,0,1,0,0,0,0,0,0,0,1,0,0,0,0,0,0,0,0,1,0,0
150,0.0495,0.2121,10,1.11,4.78,3,24,4,0,1,0,0,4,0.0,1,0,0,0,1,0,0,0,1,1,0,0,0,0,0,0,0,0,1,0,0,0
151,0.071,0.1641,33,0.5,9.15,1,30,9,0,1,0,0,3,5.0,0,1,0,0,1,0,1,0,1,0,0,1,0,0,0,0,0,0,0,0,1,0
152,0.0326,0.0744,25,0.37,1.34,4,3,1,1,0,0,0,1,,0,1,0,0,1,0,1,1,0,0,0,0,0,1,0,0,0,0,0,0,0,0
153,0.0416,0.1152,12,1.03,2.11,5,13,9,0,0,1,0,1,0.0,0,0,0,0,1,0,0,1,0,0,0,0,0,0,0,1,0,0,0,0,0,0
154,0.0657,0.1734,32,1.25,1.97,6,18,5,0,0,1,0,1,5.0,0,0,0,1,0,0,1,0,0,0,0,0,0,0,0,0,0,1,0,0,0,0
155,0.062,0.2397,40,1.02,4.04,1,18,11,0,0,0,0,3,5.0,0,0,0,1,0,0,1,0,1,1,0,0,0,0,0,0,0,0,1,0,0,0
156,0.0798,0.1911,10,1.43,1.72,5,26,7,0,1,1,0,0,0.0,1,0,0,0,0,0,0,0,0,0,0,0,1,0,0,0,0,0,0,0,0,0
157,0.0907,0.1983,14,1.25,1.09,0,20,10,0,0,0,0,1,0.0,1,0,0,0,1,0,1,0,0,0,0,0,0,0,0,0,0,0,0,0,0,0
158,0.0866,0.1926,21,0.41,3.33,4,20,6,0,0,0,0,0,,1,0,0,0,0,1,0,0,0,0,0,1,0,0,0,0,0,0,1,0,0,0
159,0.0453,0.1467,39,1.05,1.76,0,19,5,0,0,0,0,3,5.0,1,0,0,0,0,1,1,0,0,1,0,0,0,0,0,0,1,0,0,0,0,0
160,0.0235,0.1164,62,0.4,7.2,5,22,2,0,1,1,0,3,15.0,0,0,1,0,0,0,0,1,0,0,1,0,0,0,0,0,0,0,0,0,0,0
161,0.0351,0.1278,26,0.67,0.87,6,23,3,0,0,1,0,1,,0,1,1,0,0,0,0,1,0,0,0,0,0,0,1,0,0,0,0,0,0,0
162,0.0926,0.1989,20,0.54,7.01,3,4,9,1,0,0,0,1,,0,0,0,0,0,1,0,0,1,0,0,0,0,0,0,1,0,0,1,0,0,0
163,0.1029,0.2025,25,0.89,5.93,0,20,1,0,0,0,0,1,,1,0,1,0,0,0,1,0,1,0,0,0,1,0,0,0,0,0,1,0,0,0
164,0.0325,0.1749,13,0.5,2.79,5,6,12,1,0,1,0,4,0.0,0,1,0,0,0,1,0,0,0,0,0,0,0,1,0,0,0,1,0,0,0,0
165,0.0522,0.2319,48,0.28,11.14,4,3,10,1,0,0,0,3,15.0,0,1,0,1,0,0,0,0,1,0,1,0,0,0,0,0,0,0,0,0,0,0
166,0.0354,0.1161,70,0.79,0.97,3,5,6,1,0,0,0,4,15.0,1,0,0,0,0,0,1,0,0,0,0,0,0,0,0,0,0,0,0,1,0,0
167,0.0666,0.1281,59,0.92,3.46,2,14,5,0,0,0,0,1,15.0,1,0,0,0,0,1,0,0,0,1,0,0,0,0,0,0,0,0,0,0,0,0
168,0.0359,0.084,6,0.74,1.23,3,25,12,0,1,0,1,0,0.0,0,0,0,0,0,0,1,1,0,0,0,1,0,0,0,0,0,0,0,0,0,1
169,0.1163,0.2016,24,0.79,6.42,4,21,11,0,0,0,0,0,,1,0,1,0,0,0,0,0,1,0,0,1,0,0,0,0,0,0,0,0,0,1
170,0.0403,0.1011,22,0.61,1.84,6,31,8,0,1,1,0,0,,0,0,0,0,0,1,0,1,0,0,0,1,0,0,0,0,0,1,0,0,0,0
171,0.1252,0.1646999999999999,87,0.3,8.38,3,23,10,0,0,0,0,0,50.0,0,0,0,0,1,0,0,0,1,0,1,0,0,0,0,0,1,0,0,0,0,0
172,0.0535,0.1314,14,0.46,7.07,1,28,10,0,1,0,0,0,0.0,1,0,0,1,0,0,1,1,0,0,0,0,0,1,0,0,0,0,1,0,0,0
173,0.0301,0.1293,13,0.4,3.72,5,8,3,0,0,1,0,2,0.0,0,1,0,0,1,0,1,1,0,0,0,1,0,0,0,0,1,0,0,0,0,0
174,0.0796,0.2537999999999999,28,1.48,0.34,4,24,10,0,0,0,0,3,,1,0,0,0,1,0,1,0,1,0,0,0,0,0,0,0,0,0,1,0,0,0
175,0.0385,0.1062,66,0.51,1.76,4,25,7,0,1,0,0,3,15.0,0,0,0,0,0,1,1,0,0,0,0,0,0,0,1,0,0,0,0,0,0,1
176,0.0809,0.2085,22,0.92,4.11,4,21,2,0,0,0,0,3,,0,0,0,1,0,0,1,0,1,0,0,0,0,0,1,0,0,0,1,0,0,0
177,0.0596,0.132,14,0.78,2.12,0,7,7,1,0,0,0,0,0.0,1,0,0,0,0,0,0,1,0,0,0,1,0,0,0,0,0,1,0,0,0,0
178,0.0732,0.2249999999999999,12,1.88,0.05,6,22,6,0,0,1,0,2,0.0,1,0,0,0,0,0,1,0,1,0,0,0,1,0,0,0,0,1,0,0,0,0
179,0.0256,0.0831,48,0.82,0.6,2,28,5,0,1,0,0,3,15.0,0,1,0,0,1,0,0,1,0,1,0,0,0,0,0,0,0,0,1,0,0,0
180,0.0209,0.1206,9,1.6,0.76,6,27,4,0,1,1,0,4,0.0,1,0,0,0,0,1,1,1,0,0,0,0,1,0,0,0,1,0,0,0,0,0
181,0.0695,0.1575,43,1.04,3.4,2,24,12,0,0,0,0,0,5.0,0,1,0,1,0,0,0,0,0,0,0,0,0,0,0,0,1,0,0,0,0,0
182,0.0476,0.1523999999999999,34,0.84,0.29,2,2,4,1,0,0,0,2,5.0,0,0,0,1,0,0,0,0,0,0,0,0,0,0,1,0,0,0,0,0,1,0
183,0.0238,0.1146,14,0.43,4.91,2,24,12,0,0,0,0,4,0.0,1,0,0,1,0,0,1,1,0,0,0,0,0,1,0,0,0,0,0,1,0,0
184,0.0358,0.1596,15,0.3,11.22,2,30,7,0,1,0,0,3,0.0,0,1,0,0,0,1,0,0,0,0,0,0,0,1,0,0,0,0,1,0,0,0
185,0.0263,0.0984,16,0.79,1.41,4,25,7,0,1,0,0,4,,1,0,1,0,0,0,1,1,0,0,0,0,0,0,0,1,0,0,1,0,0,0
186,0.1056,0.2736,20,1.26,0.5,0,7,4,1,0,0,0,0,,0,1,0,0,0,0,0,0,1,0,0,0,0,0,0,0,1,0,0,0,0,0
187,0.0232,0.0738,24,0.59,1.27,4,17,1,0,0,0,0,3,,1,0,1,0,0,0,1,1,0,0,0,0,0,1,0,0,0,0,0,0,0,0
188,0.0825,0.2079,27,0.46,7.43,5,19,4,0,0,1,0,3,,1,0,0,0,0,1,1,0,1,0,1,0,0,0,0,0,0,0,0,0,0,1
189,0.0173,0.1017,13,1.04,0.23,2,9,7,0,0,0,0,4,0.0,0,1,1,0,0,0,0,1,0,0,0,0,0,0,0,1,1,0,0,0,0,0
190,0.1009,0.2349,61,1.59,3.74,1,29,4,0,1,0,0,1,15.0,0,1,1,0,0,0,1,0,1,0,0,0,1,0,0,0,0,0,0,1,0,0
191,0.1016,0.2256,9,0.75,3.56,0,6,1,1,0,0,0,0,0.0,0,0,1,0,0,0,0,0,1,0,0,0,0,0,1,0,1,0,0,0,0,0
192,0.0384,0.1383,11,0.98,1.93,0,15,9,0,0,0,0,4,0.0,1,0,0,0,0,1,0,0,0,0,0,0,0,0,0,1,0,1,0,0,0,0
193,0.0227,0.1074,12,0.47,1.94,4,28,3,0,1,0,0,4,0.0,0,1,0,0,0,0,1,1,0,0,0,0,0,1,0,0,0,0,0,0,0,0
194,0.0902,0.1608,23,0.85,1.52,3,9,1,0,0,0,0,0,,1,0,0,0,1,0,0,0,0,1,0,0,0,0,0,0,0,0,1,0,0,0
195,0.0893,0.1791,61,1.56,0.17,6,21,12,0,0,1,0,1,15.0,1,0,1,0,0,0,0,0,0,0,0,0,1,0,0,0,0,1,0,0,0,0
196,0.0464,0.1232999999999999,26,0.97,0.35,3,20,2,0,0,0,0,2,,0,0,0,0,1,0,1,0,0,0,0,0,0,0,1,0,0,0,0,0,0,1
197,0.0842,0.1508999999999999,24,1.06,3.08,4,3,1,1,0,0,0,2,,0,0,0,0,1,0,1,0,1,0,0,0,0,0,0,0,1,0,0,0,0,0
198,0.0456,0.1557,49,1.1,4.0,0,4,8,1,0,0,0,1,5.0,0,1,0,0,0,1,0,0,0,0,0,0,0,0,0,0,0,0,0,0,1,0
199,0.1041,0.2214,79,1.11,3.12,2,11,6,0,0,0,0,0,50.0,0,1,1,0,0,0,1,0,1,1,0,0,0,0,0,0,0,1,0,0,0,0
200,0.0496,0.177,48,0.7,4.7,6,31,8,0,1,1,0,3,5.0,1,0,1,0,0,0,0,0,0,0,0,0,0,0,0,0,0,0,0,0,0,0
201,0.0808,0.1668,21,1.35,1.23,5,22,3,0,0,1,0,0,,0,1,0,0,0,1,0,0,1,0,0,0,0,0,0,0,0,0,0,0,0,0
202,0.0526,0.1086,22,1.81,0.14,4,7,2,1,0,0,0,3,,1,0,0,0,0,1,1,0,0,0,0,0,1,0,0,0,0,0,0,0,1,0
203,0.1354,0.1946999999999999,59,0.65,2.13,6,29,6,0,1,1,0,0,15.0,1,0,0,1,0,0,1,0,1,0,0,0,0,0,0,1,0,0,0,0,1,0
204,0.0331,0.1848,14,1.91,0.35,2,6,8,1,0,0,0,4,0.0,1,0,0,0,0,1,1,0,0,0,0,0,1,0,0,0,0,0,0,0,1,0
205,0.0867,0.1173,50,0.31,5.16,4,18,7,0,0,0,0,1,15.0,1,0,0,0,1,0,1,0,0,0,0,0,0,1,0,0,0,0,0,1,0,0
206,0.0313,0.0894,42,0.65,1.38,5,21,6,0,0,1,0,2,5.0,0,0,0,0,0,1,1,1,0,1,0,0,0,0,0,0,0,0,0,0,0,0
207,0.025,0.0894,86,0.35,4.49,2,8,10,0,0,0,0,3,50.0,1,0,0,0,0,1,0,1,0,0,0,1,0,0,0,0,0,1,0,0,0,0
208,0.1011,0.1536,63,0.89,0.76,1,15,4,0,0,0,0,0,50.0,0,0,0,0,0,1,1,0,1,0,0,0,0,0,0,1,0,1,0,0,0,0
209,0.1108,0.2727,80,0.51,3.69,6,3,8,1,0,1,0,0,50.0,0,0,0,0,0,1,1,0,1,0,0,0,0,0,1,0,0,0,0,0,0,0
210,0.0213,0.0702,66,0.66,1.82,1,25,3,0,1,0,0,3,15.0,0,0,0,0,1,0,1,1,0,0,0,1,0,0,0,0,0,1,0,0,0,0
211,0.0827,0.2148,27,1.17,1.66,2,23,4,0,0,0,0,2,,1,0,0,0,1,0,0,0,1,1,0,0,0,0,0,0,0,0,0,0,1,0
212,0.032,0.1568999999999999,37,1.09,0.36,2,9,7,0,0,0,0,3,5.0,0,1,0,0,0,1,0,0,0,0,0,0,0,0,0,1,0,0,1,0,0,0
213,0.0609,0.1401,13,1.35,0.41,6,8,6,0,0,1,0,0,0.0,0,0,0,0,0,1,1,0,0,0,0,0,0,0,0,0,1,0,0,0,0,0
214,0.0614,0.1583999999999999,47,1.01,1.7,4,15,8,0,0,0,0,3,15.0,0,1,0,0,0,0,1,0,1,1,0,0,0,0,0,0,1,0,0,0,0,0
215,0.0965,0.255,30,0.42,15.45,2,6,8,1,0,0,0,1,,0,0,0,0,0,1,0,0,1,0,0,1,0,0,0,0,1,0,0,0,0,0
216,0.0891,0.2532,87,0.52,12.7,3,27,11,0,1,0,0,3,50.0,1,0,1,0,0,0,0,0,1,0,1,0,0,0,0,0,1,0,0,0,0,0
217,0.045,0.1143,8,0.87,2.86,1,5,8,1,0,0,0,0,0.0,1,0,0,0,0,1,0,1,0,1,0,0,0,0,0,0,0,0,0,1,0,0
218,0.0584,0.1113,32,0.23,13.12,0,21,7,0,0,0,0,2,5.0,1,0,1,0,0,0,1,0,0,0,1,0,0,0,0,0,0,0,0,1,0,0
219,0.0613,0.2514,34,0.27,17.58,2,13,8,0,0,0,0,3,5.0,0,0,0,0,0,1,1,0,1,0,1,0,0,0,0,0,0,0,0,0,0,1
220,0.0336,0.0978,62,0.51,0.8,3,20,11,0,0,0,0,1,15.0,0,0,1,0,0,0,1,1,0,0,0,0,0,0,1,0,0,0,0,0,1,0
221,0.1201,0.2787,31,1.32,3.28,3,18,12,0,0,0,0,0,5.0,0,0,0,1,0,0,1,0,1,0,0,0,0,0,0,0,0,0,0,0,0,0
222,0.0712,0.2583,39,1.24,0.98,2,7,5,1,0,0,0,3,5.0,0,1,0,0,0,0,0,0,1,0,0,0,0,0,0,0,0,0,0,0,1,0
223,0.0721,0.1863,13,0.85,3.34,4,5,12,1,0,0,0,0,0.0,0,0,0,1,0,0,0,0,0,0,0,0,0,0,1,0,0,0,0,0,0,1
224,0.0701,0.2124,79,0.99,6.06,3,17,4,0,0,0,0,3,50.0,0,0,0,1,0,0,1,0,1,0,0,0,0,0,1,0,0,0,0,0,1,0
225,0.0372,0.0711,29,1.36,-0.5,1,25,3,0,1,0,0,1,,1,0,0,0,1,0,1,1,0,0,0,0,0,0,0,0,0,1,0,0,0,0
226,0.0704,0.1119,35,0.93,1.49,3,20,11,0,0,0,0,0,5.0,0,0,0,0,0,1,1,0,0,0,0,0,0,0,0,0,0,0,1,0,0,0
227,0.021,0.0909,30,1.54,-0.0,0,20,1,0,0,0,0,4,5.0,0,1,0,1,0,0,1,1,0,0,0,0,1,0,0,0,0,1,0,0,0,0
228,0.04,0.0705,12,0.53,0.87,3,27,11,0,1,0,0,1,0.0,1,0,0,0,1,0,1,1,0,0,0,0,0,0,1,0,0,0,0,0,0,1
229,0.0271,0.0738,22,0.46,1.54,6,28,9,0,1,1,0,2,,1,0,0,1,0,0,0,1,0,0,1,0,0,0,0,0,0,0,0,0,0,1
230,0.0816,0.2457,32,0.72,7.28,1,22,7,0,0,0,0,2,5.0,1,0,0,0,0,0,1,0,1,0,0,1,0,0,0,0,0,0,0,0,1,0
231,0.0502,0.1521,34,0.87,1.76,2,9,7,0,0,0,0,3,5.0,0,1,0,1,0,0,1,0,1,0,0,0,0,0,0,1,0,0,0,0,1,0
232,0.06,0.1275,53,0.88,1.93,1,15,7,0,0,0,0,2,15.0,1,0,1,0,0,0,1,0,0,0,0,0,0,0,0,0,0,0,0,0,1,0
233,0.0879,0.2238,27,0.38,8.95,5,1,2,1,0,1,0,2,,1,0,0,0,0,0,0,0,1,0,1,0,0,0,0,0,0,0,1,0,0,0
234,0.0337,0.1146,30,0.98,2.01,4,2,5,1,0,0,0,2,,1,0,1,0,0,0,0,1,0,0,0,0,0,0,1,0,0,0,0,0,1,0
235,0.0743,0.2475,30,1.36,5.24,0,29,9,0,1,0,0,1,5.0,0,1,0,0,0,0,0,0,1,0,0,0,0,0,0,0,0,0,0,0,1,0
236,0.0863,0.21,71,0.62,8.21,1,4,3,1,0,0,0,3,50.0,1,0,1,0,0,0,1,0,1,0,0,0,0,0,0,1,0,0,1,0,0,0
237,0.0312,0.1185,83,0.89,3.89,0,22,9,0,0,0,0,1,50.0,0,1,0,1,0,0,1,1,0,0,0,0,0,0,1,0,0,0,0,0,1,0
238,0.0284,0.1521,28,0.44,9.66,1,16,9,0,0,0,0,4,,0,1,1,0,0,0,1,0,0,0,0,1,0,0,0,0,1,0,0,0,0,0
239,0.0801,0.177,20,0.29,3.45,1,15,7,0,0,0,0,2,,0,1,0,0,0,0,1,0,1,0,0,0,0,1,0,0,0,0,0,0,1,0
240,0.0719,0.2022,9,0.89,2.66,0,9,6,0,0,0,0,0,0.0,1,0,0,1,0,0,1,0,0,0,0,0,0,0,0,1,0,0,0,0,0,1
241,0.0278,0.0858,12,0.73,0.07,3,25,12,0,1,0,1,2,0.0,0,0,0,0,0,0,1,1,0,0,0,1,0,0,0,0,0,0,0,0,1,0
242,0.049,0.1176,14,0.98,2.15,2,15,10,0,0,0,0,2,0.0,0,1,1,0,0,0,0,0,0,0,0,0,0,0,0,1,0,0,0,0,0,0
243,0.0248,0.0972,24,1.12,-0.13,5,4,1,1,0,1,0,3,,0,0,0,0,0,1,0,1,0,0,0,0,0,0,0,0,1,0,0,0,0,0
244,0.0312,0.0825,8,1.21,0.93,6,14,12,0,0,1,0,2,0.0,0,1,0,0,1,0,0,1,0,0,0,0,1,0,0,0,0,0,0,0,0,0
245,0.0895,0.1173,30,0.87,0.98,6,23,11,0,0,1,0,1,,1,0,0,1,0,0,0,0,0,0,0,0,0,0,1,0,0,0,0,0,0,0
246,0.031,0.1053,15,1.88,0.56,5,2,8,1,0,1,0,1,0.0,0,1,0,0,0,0,1,1,0,0,0,0,1,0,0,0,0,0,0,0,1,0
247,0.0867,0.2046,14,0.68,1.46,1,1,4,1,0,0,0,0,0.0,1,0,0,1,0,0,1,0,0,0,0,0,0,0,1,0,0,0,0,0,1,0
248,0.0427,0.147,32,0.95,3.08,5,10,5,0,0,1,0,2,5.0,0,1,0,0,0,0,0,0,0,0,0,0,0,0,0,1,0,1,0,0,0,0
249,0.0594,0.2087999999999999,23,1.07,0.34,3,10,4,0,0,0,0,4,,0,0,1,0,0,0,1,0,1,1,0,0,0,0,0,0,0,0,0,0,1,0
250,0.064,0.1644,8,0.66,0.6,5,28,6,0,1,1,0,0,0.0,0,0,0,0,0,0,1,0,0,0,0,0,0,0,0,0,0,1,0,0,0,0
251,0.0608,0.2004,11,0.93,1.38,3,18,12,0,0,0,0,1,0.0,0,0,0,0,0,1,0,0,0,0,0,0,0,0,0,0,0,0,0,0,0,0
252,0.0509,0.1083,15,0.62,1.63,5,17,5,0,0,1,0,2,,1,0,0,0,0,1,0,0,0,1,0,0,0,0,0,0,0,0,0,0,0,1
253,0.1415,0.2289,59,1.16,6.84,0,10,3,0,0,0,0,1,50.0,1,0,0,0,0,1,1,0,1,0,0,0,1,0,0,0,0,0,1,0,0,0
254,0.0598,0.1152,15,0.5,1.28,5,22,3,0,0,1,0,0,0.0,0,1,0,0,1,0,1,0,0,0,0,1,0,0,0,0,1,0,0,0,0,0
255,0.0291,0.1212,14,1.35,-0.05,5,6,12,1,0,1,0,2,0.0,0,1,1,0,0,0,0,1,0,0,0,0,0,0,0,0,0,1,0,0,0,0
256,0.0596,0.2106,39,1.43,3.87,0,20,1,0,0,0,1,4,5.0,0,0,0,0,0,1,0,0,1,0,0,0,1,0,0,0,0,0,0,0,1,0
257,0.0934,0.1523999999999999,48,1.11,2.79,1,11,2,0,0,0,0,0,5.0,1,0,0,1,0,0,1,0,0,1,0,0,0,0,0,0,0,0,0,0,1,0
258,0.0313,0.1185,56,0.57,3.32,2,9,4,0,0,0,0,3,15.0,0,1,0,0,1,0,1,0,0,1,0,0,0,0,0,0,0,0,0,0,0,1
259,0.031,0.0941999999999999,8,0.94,0.52,2,5,2,1,0,0,0,1,0.0,0,0,0,0,0,1,0,1,0,0,0,0,0,0,0,0,0,0,0,1,0,0
260,0.0262,0.0927,19,1.31,-0.21,5,16,8,0,0,1,0,3,,1,0,0,0,0,0,0,1,0,0,0,0,1,0,0,0,0,0,0,0,1,0
261,0.0416,0.1803,64,0.54,1.96,2,30,7,0,1,0,0,4,50.0,0,1,1,0,0,0,1,0,1,1,0,0,0,0,0,0,0,0,0,0,0,0
262,0.0522,0.1446,21,0.5,1.85,0,31,3,0,1,0,0,2,,1,0,0,0,1,0,1,0,0,0,0,1,0,0,0,0,0,0,0,1,0,0
263,0.0472,0.1109999999999999,7,0.76,1.45,2,30,4,0,1,0,0,2,0.0,0,1,0,1,0,0,0,0,0,0,0,0,0,0,0,0,0,0,1,0,0,0
264,0.0948,0.1377,12,0.74,3.65,6,1,6,1,0,1,0,0,0.0,1,0,0,0,0,0,1,0,0,0,0,0,0,0,0,0,1,0,0,0,0,0
265,0.0457,0.2604,50,1.1,1.72,5,13,9,0,0,1,0,4,5.0,0,1,0,0,1,0,1,0,1,1,0,0,0,0,0,0,0,0,0,0,1,0
266,0.0468,0.1515,28,0.45,5.72,3,21,8,0,0,0,0,2,,1,0,0,0,0,1,0,0,0,0,1,0,0,0,0,0,0,0,0,0,0,0
267,0.1547,0.2973,45,0.96,7.98,2,2,4,1,0,0,0,0,15.0,1,0,0,0,0,1,0,0,1,0,0,0,1,0,0,0,0,1,0,0,0,0
268,0.0469,0.099,10,1.03,0.54,4,11,4,0,0,0,0,0,0.0,0,0,1,0,0,0,1,1,0,0,0,0,0,0,0,1,0,1,0,0,0,0
269,0.0398,0.1017,11,0.76,2.48,2,23,4,0,0,0,0,0,0.0,0,0,0,0,1,0,0,1,0,0,0,0,0,0,0,1,0,0,0,1,0,0
270,0.0623,0.1989,29,1.48,1.13,4,4,7,1,0,0,0,3,,0,1,0,1,0,0,0,0,1,0,0,0,1,0,0,0,1,0,0,0,0,0
271,0.0371,0.1137,47,0.54,1.78,3,3,4,1,0,0,0,0,5.0,0,0,1,0,0,0,1,1,0,0,0,1,0,0,0,0,0,0,0,0,0,1
272,0.1501,0.2204999999999999,47,1.34,4.72,6,6,4,1,0,1,0,0,5.0,1,0,0,0,1,0,0,0,1,0,0,0,0,0,0,0,0,0,0,0,0,1
273,0.0351,0.1094999999999999,22,0.76,1.94,1,28,10,0,1,0,0,2,,1,0,0,0,0,0,1,1,0,0,0,0,0,0,0,0,1,0,0,0,0,0
274,0.0319,0.1101,5,0.72,2.79,0,15,9,0,0,0,0,1,0.0,0,0,0,0,0,1,0,1,0,0,0,0,0,0,0,0,0,0,0,0,0,0
275,0.0437,0.1197,5,0.82,0.05,6,2,2,1,0,1,0,0,0.0,0,1,0,0,0,1,0,1,0,0,0,0,0,0,0,1,0,0,0,0,1,0
276,0.0184,0.1077,15,0.81,3.26,4,7,3,1,0,0,0,4,,0,0,0,0,0,1,1,1,0,0,0,0,0,0,0,1,0,0,0,0,0,1
277,0.0154,0.1169999999999999,25,0.93,0.54,0,24,3,0,0,0,0,4,,0,1,0,0,0,1,0,1,0,1,0,0,0,0,0,0,0,0,0,1,0,0
278,0.0936,0.1961999999999999,26,0.52,2.34,4,14,11,0,0,0,0,1,,0,1,0,1,0,0,0,0,1,0,0,0,0,1,0,0,0,0,0,0,1,0
279,0.0591,0.1674,8,0.45,9.14,0,21,7,0,0,0,0,3,0.0,0,0,0,1,0,0,0,0,1,0,1,0,0,0,0,0,0,0,0,0,0,1
280,0.0383,0.1011,28,0.26,5.81,0,7,7,1,0,0,0,0,,0,1,1,0,0,0,1,1,0,0,1,0,0,0,0,0,0,0,0,0,0,1
281,0.0254,0.1035,21,0.57,2.4,3,19,6,0,0,0,0,2,,0,1,1,0,0,0,1,1,0,1,0,0,0,0,0,0,0,0,0,0,1,0
282,0.0299,0.1227,10,0.76,0.59,0,25,8,0,1,0,0,4,0.0,0,1,0,1,0,0,1,0,0,0,0,0,0,0,1,0,0,1,0,0,0,0
283,0.0286,0.0891,30,0.67,0.04,4,21,2,0,0,0,0,2,,1,0,0,1,0,0,0,1,0,1,0,0,0,0,0,0,1,0,0,0,0,0
284,0.045,0.1278,30,0.71,4.67,6,12,1,0,0,1,0,0,,1,0,0,0,1,0,0,1,0,0,0,0,0,0,1,0,1,0,0,0,0,0
285,0.0468,0.1013999999999999,18,0.56,1.88,4,19,9,0,0,0,0,1,,1,0,1,0,0,0,1,1,0,0,0,0,0,1,0,0,0,0,0,0,0,0
286,0.0526,0.1332,18,0.84,0.13,3,27,2,0,1,0,0,3,,1,0,0,1,0,0,1,0,0,0,0,0,0,0,1,0,0,0,1,0,0,0
287,0.0366,0.1206,22,1.07,0.34,5,9,8,0,0,1,0,1,,0,0,0,0,0,0,0,1,0,1,0,0,0,0,0,0,0,0,0,0,0,1
288,0.0488,0.1442999999999999,31,0.64,6.51,4,28,11,0,1,0,0,3,5.0,0,0,0,0,0,1,1,0,0,0,0,0,0,0,0,1,0,0,1,0,0,0
289,0.1179,0.2679,24,0.44,8.01,1,17,6,0,0,0,0,0,,1,0,0,0,0,1,1,0,1,0,1,0,0,0,0,0,0,0,0,0,1,0
290,0.0424,0.1077,44,0.43,6.86,0,5,5,1,0,0,0,1,5.0,0,0,0,0,0,1,0,1,0,0,1,0,0,0,0,0,0,0,0,0,1,0
291,0.065,0.1212,17,0.9,2.42,2,2,4,1,0,0,0,2,,1,0,0,0,0,0,1,0,0,0,0,0,0,0,0,1,0,0,0,1,0,0
292,0.0993,0.1992,21,0.78,1.59,1,18,11,0,0,0,0,0,,1,0,0,0,0,1,1,0,0,0,0,0,0,0,1,0,0,0,0,0,1,0
293,0.0455,0.1206,69,0.92,1.4,6,23,2,0,1,1,0,2,50.0,0,0,0,0,1,0,1,0,0,0,0,0,0,0,1,0,0,0,1,0,0,0
294,0.0637,0.1659,14,0.52,1.81,6,19,1,0,0,1,0,3,0.0,0,1,0,0,1,0,0,0,1,0,0,0,0,1,0,0,0,0,1,0,0,0
295,0.0595,0.1485,32,0.61,5.73,0,21,7,0,0,0,0,2,5.0,1,0,0,0,0,0,0,0,0,0,0,0,0,0,0,1,0,0,0,0,0,0
296,0.0546,0.0894,42,0.23,8.59,3,16,1,0,0,0,0,1,5.0,1,0,0,1,0,0,0,1,0,0,1,0,0,0,0,0,0,0,0,0,1,0
297,0.0203,0.0693,6,1.9,-0.3,4,21,2,0,0,0,0,4,0.0,0,1,0,0,0,1,0,1,0,0,0,0,1,0,0,0,0,0,0,0,0,1
298,0.0619,0.1856999999999999,28,0.77,6.98,3,21,8,0,0,0,0,3,,0,0,1,0,0,0,0,0,1,1,0,0,0,0,0,0,1,0,0,0,0,0
299,0.0719,0.2592,20,0.77,1.35,0,10,2,0,0,0,0,2,,1,0,0,0,0,0,1,0,1,1,0,0,0,0,0,0,0,0,0,0,1,0
300,0.0933,0.1553999999999999,37,0.33,6.06,5,20,9,0,0,1,0,2,5.0,0,0,0,0,1,0,1,0,1,0,0,1,0,0,0,0,1,0,0,0,0,0
301,0.0617,0.2358,57,1.18,0.93,5,25,1,0,1,1,0,3,15.0,0,1,0,0,1,0,1,0,1,0,0,0,0,0,0,0,0,0,0,0,1,0
302,0.0741,0.252,52,0.52,13.63,6,5,10,1,0,1,0,2,15.0,1,0,0,0,0,0,0,0,1,0,0,0,0,0,0,1,0,0,0,0,0,0
303,0.0948,0.1695,39,0.77,2.33,1,18,11,0,0,0,0,2,5.0,1,0,0,0,0,1,1,0,1,1,0,0,0,0,0,0,0,0,0,0,1,0
304,0.0958,0.2394,28,0.91,2.24,5,14,6,0,0,1,0,1,,0,0,0,0,0,0,1,0,1,0,0,0,0,0,1,0,0,0,0,1,0,0
305,0.0648,0.2072999999999999,5,0.32,17.44,3,23,1,0,0,0,0,2,0.0,0,1,0,0,1,0,1,0,1,0,1,0,0,0,0,0,0,1,0,0,0,0
306,0.069,0.2457,58,0.67,2.43,3,4,9,1,0,0,0,3,15.0,1,0,0,1,0,0,0,0,1,0,0,1,0,0,0,0,0,0,0,0,0,1
307,0.0753,0.2339999999999999,48,0.45,15.02,5,29,3,0,1,1,0,2,5.0,0,0,0,0,1,0,0,0,1,0,0,0,0,1,0,0,0,0,1,0,0,0
308,0.1372,0.2114999999999999,22,0.38,11.23,1,8,7,0,0,0,0,0,,1,0,1,0,0,0,0,0,1,0,0,0,0,1,0,0,0,0,1,0,0,0
309,0.0781,0.1941,27,1.43,2.12,3,17,4,0,0,0,0,1,,1,0,0,0,1,0,1,0,0,0,0,0,0,0,0,0,0,0,0,0,0,1
310,0.0233,0.087,42,0.44,0.99,5,22,3,0,0,1,0,4,5.0,0,0,0,0,0,0,0,1,0,0,1,0,0,0,0,0,1,0,0,0,0,0
311,0.0616,0.2184,86,0.83,9.38,4,25,7,0,1,0,0,3,50.0,0,1,1,0,0,0,1,0,1,1,0,0,0,0,0,0,0,0,0,0,1,0
312,0.0488,0.1272,6,0.66,1.9,2,29,10,0,1,0,0,1,0.0,1,0,0,0,1,0,1,1,0,0,0,0,0,0,0,1,0,0,0,0,0,0
313,0.05,0.1931999999999999,11,1.0,2.76,1,23,9,0,0,0,0,1,0.0,0,0,0,0,0,1,1,0,0,0,0,0,0,0,0,1,0,0,1,0,0,0
314,0.0612,0.1431,28,1.32,0.63,5,17,5,0,0,1,0,0,,0,0,0,1,0,0,0,0,0,0,0,0,1,0,0,0,0,0,0,0,0,1
315,0.0296,0.1631999999999999,50,0.72,6.3,1,22,4,0,0,0,0,4,15.0,0,1,0,0,1,0,1,0,0,0,0,1,0,0,0,0,0,0,0,0,0,1
316,0.0586,0.1695,45,0.56,5.5,0,14,7,0,0,0,0,2,5.0,1,0,0,1,0,0,0,0,0,0,0,0,0,1,0,0,0,0,0,0,0,1
317,0.0651,0.1383,30,0.84,1.35,0,24,2,0,1,0,0,2,5.0,1,0,1,0,0,0,1,0,0,0,0,0,0,0,0,1,0,0,0,0,1,0
318,0.051,0.1791,27,1.09,4.03,0,29,9,0,1,0,0,3,,0,0,0,0,0,0,0,0,0,0,0,0,0,0,0,0,0,0,0,0,0,1
319,0.0216,0.0828,21,0.26,5.9,0,8,9,0,0,0,0,4,,1,0,0,0,0,0,1,1,0,0,0,0,0,1,0,0,0,0,0,0,1,0
320,0.0296,0.0807,14,0.52,3.25,0,15,12,0,0,0,0,3,0.0,0,0,0,0,0,1,0,1,0,0,0,0,0,0,1,0,1,0,0,0,0,0
321,0.0423,0.2079,70,0.29,5.35,5,22,3,0,0,1,0,4,15.0,0,1,0,0,0,1,0,0,1,0,1,0,0,0,0,0,0,0,0,1,0,0
322,0.0786,0.2688,33,0.56,7.87,5,15,3,0,0,1,0,3,5.0,0,0,0,0,0,0,1,0,1,0,0,1,0,0,0,0,0,0,1,0,0,0
323,0.0515,0.1281,30,1.12,2.72,3,31,7,0,1,0,0,3,,1,0,0,0,1,0,0,0,0,1,0,0,0,0,0,0,0,0,0,0,0,0
324,0.0229,0.0978,6,0.29,2.7,6,5,1,1,0,1,0,3,0.0,1,0,0,1,0,0,0,1,0,0,0,0,0,1,0,0,0,1,0,0,0,0
325,0.0454,0.0717,51,0.42,4.91,4,25,7,0,1,0,0,1,15.0,1,0,0,1,0,0,1,1,0,0,0,0,0,0,1,0,0,1,0,0,0,0
326,0.0465,0.1302,6,0.44,6.85,5,27,12,0,1,1,0,0,0.0,1,0,0,0,1,0,0,1,0,0,0,0,0,1,0,0,0,0,0,0,0,1
327,0.0808,0.2072999999999999,12,0.57,1.64,4,13,6,0,0,0,0,0,0.0,0,1,0,0,1,0,0,0,1,0,0,0,0,0,0,1,0,0,0,0,1,0
328,0.0389,0.1941,29,0.51,9.01,6,26,1,0,1,1,0,4,,1,0,0,0,0,0,1,0,0,0,0,0,0,0,1,0,0,0,0,0,1,0
329,0.027,0.1272,30,0.88,2.98,4,2,5,1,0,0,0,3,5.0,0,1,0,0,0,1,1,1,0,0,0,0,0,0,0,1,0,0,0,1,0,0
330,0.0619,0.1583999999999999,30,0.34,6.12,1,9,9,0,0,0,0,2,,1,0,0,0,1,0,1,0,0,0,1,0,0,0,0,0,1,0,0,0,0,0
331,0.0324,0.1064999999999999,11,0.5,1.48,3,30,1,0,1,0,0,4,0.0,0,0,0,0,0,0,0,0,0,0,0,0,0,0,0,1,0,1,0,0,0,0
332,0.0466,0.0726,9,0.33,4.21,3,20,2,0,0,0,0,1,0.0,1,0,0,0,0,0,0,1,0,0,0,0,0,1,0,0,1,0,0,0,0,0
333,0.0485,0.1113,11,0.63,0.22,1,4,2,1,0,0,0,0,0.0,1,0,0,0,0,0,0,1,0,0,0,1,0,0,0,0,0,0,1,0,0,0
334,0.0344,0.1059,19,0.54,3.74,5,22,11,0,0,1,0,1,,0,0,0,1,0,0,0,1,0,0,0,0,0,0,0,1,0,0,0,1,0,0
335,0.0321,0.1293,9,1.15,1.4,1,22,4,0,0,0,0,2,0.0,0,1,0,0,0,0,1,1,0,0,0,0,0,0,0,0,0,0,0,0,1,0
336,0.0926,0.1755,70,0.62,9.29,4,3,1,1,0,0,0,1,15.0,0,1,0,0,0,1,1,0,1,0,0,0,0,0,1,0,0,0,1,0,0,0
337,0.086,0.2331,53,1.87,1.52,3,4,12,1,0,0,0,2,15.0,0,0,0,0,0,1,1,0,1,0,0,0,1,0,0,0,0,1,0,0,0,0
338,0.035,0.1566,6,0.24,9.18,4,18,4,0,0,0,1,4,0.0,1,0,1,0,0,0,0,0,0,0,1,0,0,0,0,0,0,0,0,0,0,0
339,0.0706,0.2409,44,0.67,8.26,4,28,2,0,1,0,0,4,5.0,1,0,0,0,0,1,0,0,1,0,0,0,0,0,0,1,0,0,0,1,0,0
340,0.0249,0.1026,64,0.35,9.69,6,25,5,0,1,1,0,2,15.0,0,1,0,1,0,0,0,1,0,0,0,0,0,1,0,0,1,0,0,0,0,0
341,0.1103,0.2129999999999999,61,1.69,0.62,6,6,4,1,0,1,0,1,15.0,1,0,0,0,1,0,1,0,1,0,0,0,1,0,0,0,0,0,1,0,0,0
342,0.0386,0.0786,17,0.99,-0.34,5,7,6,1,0,1,0,1,,0,0,0,0,0,0,0,1,0,0,0,0,0,0,0,0,0,0,0,1,0,0
343,0.0515,0.1296,36,0.73,2.37,0,16,6,0,0,0,0,1,5.0,0,1,0,0,1,0,1,0,0,0,0,0,0,0,0,0,0,0,1,0,0,0
344,0.0238,0.0756,11,0.57,1.57,0,6,1,1,0,0,0,3,0.0,0,1,0,0,1,0,0,1,0,0,0,0,0,0,0,1,0,1,0,0,0,0
345,0.0523,0.1635,20,0.27,17.97,3,11,9,0,0,0,0,2,,0,1,0,0,0,0,0,0,0,0,1,0,0,0,0,0,0,0,0,0,0,1
346,0.0353,0.1866,39,1.03,3.28,2,6,8,1,0,0,0,3,5.0,0,1,0,0,0,1,1,0,0,1,0,0,0,0,0,0,0,0,1,0,0,0
347,0.0362,0.1224,30,0.3,7.71,5,5,7,1,0,1,0,1,,0,0,0,0,0,0,1,1,0,0,0,0,0,1,0,0,0,0,1,0,0,0
348,0.1184,0.1794,58,0.56,6.68,2,11,6,0,0,0,0,1,15.0,1,0,0,0,0,0,1,0,1,0,0,1,0,0,0,0,0,1,0,0,0,0
349,0.0479,0.162,69,0.37,4.63,2,27,8,0,1,0,0,4,15.0,0,0,1,0,0,0,0,0,1,0,0,0,0,1,0,0,0,0,0,1,0,0
350,0.0606,0.1596,50,0.57,3.18,4,15,8,0,0,0,1,1,5.0,0,0,0,1,0,0,0,0,0,1,0,0,0,0,0,0,0,0,0,1,0,0
351,0.0223,0.0801,15,0.45,4.17,0,3,11,1,0,0,0,3,,0,1,0,0,1,0,1,1,0,0,1,0,0,0,0,0,0,0,0,0,1,0
352,0.0671,0.1854,11,0.53,7.6,2,12,2,0,0,0,0,0,0.0,0,0,0,0,0,1,1,0,0,0,0,0,0,1,0,0,1,0,0,0,0,0
353,0.1008,0.1931999999999999,23,0.54,5.86,0,3,2,1,0,0,0,0,,1,0,0,0,1,0,1,0,0,1,0,0,0,0,0,0,0,1,0,0,0,0
354,0.0417,0.1503,13,0.97,2.76,4,23,5,0,0,0,0,4,0.0,1,0,0,0,1,0,0,0,0,0,0,0,0,0,1,0,1,0,0,0,0,0
355,0.0233,0.0776999999999999,7,0.4,2.17,2,5,3,1,0,0,0,3,0.0,0,1,0,0,0,1,0,1,0,0,0,0,0,1,0,0,0,0,1,0,0,0
356,0.0407,0.1302,9,0.93,0.47,1,18,11,0,0,0,0,4,0.0,0,0,1,0,0,0,0,0,0,1,0,0,0,0,0,0,0,0,0,1,0,0
357,0.1301,0.2144999999999999,29,0.35,15.24,0,3,2,1,0,0,0,0,,1,0,0,0,0,1,0,0,1,0,0,1,0,0,0,0,0,0,0,1,0,0
358,0.0585,0.1956,40,0.33,4.9,3,21,8,0,0,0,0,4,5.0,0,0,0,1,0,0,0,0,1,0,1,0,0,0,0,0,0,0,1,0,0,0
359,0.034,0.0744,57,0.67,1.94,1,16,12,0,0,0,0,0,15.0,0,0,0,0,0,1,1,1,0,0,0,1,0,0,0,0,0,0,1,0,0,0
360,0.0274,0.1026,13,0.85,2.56,4,12,12,0,0,0,0,2,0.0,0,0,0,1,0,0,0,1,0,1,0,0,0,0,0,0,0,0,0,1,0,0
361,0.0696,0.1773,7,0.22,11.56,6,27,7,0,1,1,0,0,0.0,0,0,0,1,0,0,0,0,0,0,1,0,0,0,0,0,0,1,0,0,0,0
362,0.0473,0.0789,56,0.62,0.3,1,27,5,0,1,0,0,0,50.0,1,0,0,0,0,1,0,1,0,1,0,0,0,0,0,0,0,0,0,0,1,0
363,0.0503,0.1191,9,0.46,5.09,4,30,5,0,1,0,0,1,0.0,1,0,0,0,0,0,1,1,0,0,1,0,0,0,0,0,0,1,0,0,0,0
364,0.0198,0.0723,26,0.8,0.95,0,6,1,1,0,0,0,4,,0,1,0,0,0,0,1,1,0,1,0,0,0,0,0,0,0,0,0,0,0,0
365,0.0466,0.1077,57,0.93,1.3,6,7,12,1,0,1,0,0,15.0,0,0,0,0,1,0,1,1,0,0,0,0,0,0,0,1,1,0,0,0,0,0
366,0.1583,0.2841,59,0.53,17.04,2,5,2,1,0,0,0,0,15.0,1,0,0,0,1,0,1,0,1,0,0,1,0,0,0,0,0,0,0,0,1,0
367,0.0495,0.2204999999999999,18,0.53,2.34,1,2,12,1,0,0,0,4,,0,0,0,0,1,0,0,0,1,0,0,0,0,0,1,0,1,0,0,0,0,0
368,0.0265,0.1629,16,0.78,2.49,2,5,2,1,0,0,0,4,,0,1,1,0,0,0,1,0,0,1,0,0,0,0,0,0,0,0,0,1,0,0
369,0.0719,0.1232999999999999,31,0.25,11.51,5,15,3,0,0,1,0,0,5.0,0,0,0,0,0,1,0,0,0,0,1,0,0,0,0,0,0,0,1,0,0,0
370,0.035,0.1266,33,0.92,2.73,1,9,9,0,0,0,0,1,5.0,0,0,0,0,0,1,1,1,0,0,0,0,1,0,0,0,0,0,0,0,0,1
371,0.0808,0.2181,8,0.5,2.09,4,17,10,0,0,0,0,1,0.0,0,0,0,1,0,0,0,0,1,0,0,0,0,1,0,0,0,0,0,1,0,0
372,0.0468,0.1653,62,1.14,3.71,4,4,7,1,0,0,0,2,15.0,1,0,0,1,0,0,0,0,0,1,0,0,0,0,0,0,0,1,0,0,0,0
373,0.0486,0.132,17,1.36,1.81,0,15,9,0,0,0,0,0,,0,0,0,0,1,0,0,1,0,0,0,0,0,0,0,0,0,1,0,0,0,0
374,0.0397,0.1176,30,0.37,7.73,1,29,4,0,1,0,0,3,,0,1,0,0,0,1,0,0,0,0,1,0,0,0,0,0,0,1,0,0,0,0
375,0.0454,0.1326,21,0.49,1.24,1,16,12,0,0,0,0,1,,0,1,0,1,0,0,1,0,0,0,0,0,0,0,1,0,0,0,0,1,0,0
376,0.052,0.1905,47,0.89,2.23,2,8,10,0,0,0,0,0,5.0,0,1,1,0,0,0,1,0,0,1,0,0,0,0,0,0,0,1,0,0,0,0
377,0.0445,0.153,41,0.83,5.36,4,4,7,1,0,0,0,2,5.0,0,0,0,0,1,0,1,0,0,1,0,0,0,0,0,0,0,0,0,0,0,0
378,0.0798,0.201,46,0.53,3.77,2,7,5,1,0,0,0,1,5.0,0,0,1,0,0,0,1,0,1,0,1,0,0,0,0,0,0,0,0,1,0,0
379,0.0355,0.0813,13,0.95,0.85,1,11,2,0,0,0,0,1,0.0,0,1,0,1,0,0,1,1,0,0,0,0,0,0,1,0,0,0,0,0,0,0
380,0.0305,0.1182,25,0.75,3.99,4,1,8,1,0,0,0,3,,0,0,0,0,1,0,0,1,0,0,0,1,0,0,0,0,1,0,0,0,0,0
381,0.0759,0.246,24,0.63,3.47,0,15,12,0,0,0,0,1,,0,1,0,1,0,0,1,0,1,0,0,0,0,0,0,0,0,0,0,1,0,0
382,0.0212,0.0693,30,0.45,0.26,1,20,5,0,0,0,0,4,5.0,0,0,1,0,0,0,1,1,0,0,0,1,0,0,0,0,0,0,0,1,0,0
383,0.0423,0.1134,14,0.57,2.63,0,24,11,0,1,0,0,2,0.0,0,0,0,1,0,0,1,0,0,0,0,0,0,1,0,0,0,0,1,0,0,0
384,0.1166,0.1788,32,0.84,4.69,2,17,12,0,0,0,0,0,5.0,0,1,0,1,0,0,0,0,1,0,0,0,0,0,0,0,1,0,0,0,0,0
385,0.0502,0.1820999999999999,30,1.1,0.91,0,7,4,1,0,0,0,3,,1,0,1,0,0,0,0,0,0,0,0,0,1,0,0,0,0,1,0,0,0,0
386,0.0209,0.1272,12,1.45,0.79,4,3,10,1,0,0,0,3,0.0,0,0,0,0,0,1,0,1,0,0,0,0,0,0,0,0,1,0,0,0,0,0
387,0.0457,0.162,30,1.25,0.51,5,11,1,0,0,1,0,2,,0,1,1,0,0,0,0,0,0,0,0,0,0,0,0,0,0,0,1,0,0,0
388,0.0255,0.0831,8,0.51,1.37,0,19,5,0,0,0,0,3,0.0,1,0,0,0,0,1,1,1,0,0,1,0,0,0,0,0,0,0,0,0,0,1
389,0.0536,0.1094999999999999,48,0.38,3.64,3,27,2,0,1,0,0,2,5.0,1,0,0,0,1,0,0,0,0,0,0,0,0,1,0,0,0,0,0,0,0,1
390,0.0168,0.1043999999999999,8,0.84,0.84,1,5,8,1,0,0,0,4,0.0,0,1,0,1,0,0,0,1,0,0,0,0,0,0,0,0,0,0,0,0,0,1
391,0.0298,0.1508999999999999,50,1.0,4.36,6,26,1,0,1,1,1,4,15.0,0,1,0,1,0,0,0,0,0,0,0,0,1,0,0,0,0,0,0,0,1,0
392,0.0586,0.1491,18,0.66,2.99,6,17,8,0,0,1,0,4,,0,1,0,0,1,0,1,0,1,0,0,0,0,0,0,1,0,1,0,0,0,0
393,0.1297,0.2517,38,0.57,7.25,2,25,6,0,1,0,0,0,5.0,1,0,0,0,0,1,1,0,1,0,0,0,0,1,0,0,0,0,0,0,1,0
394,0.0337,0.1197,8,0.49,4.31,2,19,2,0,0,0,0,2,0.0,0,0,0,1,0,0,0,1,0,0,0,0,0,1,0,0,0,0,1,0,0,0
395,0.0532,0.1671,19,1.2,2.56,6,19,10,0,0,1,0,3,,1,0,0,1,0,0,0,0,0,0,0,0,0,0,0,0,0,0,0,0,1,0
396,0.0527,0.1614,66,0.97,5.51,5,28,6,0,1,1,0,4,50.0,0,1,0,1,0,0,1,0,1,0,0,0,0,0,1,0,0,0,0,0,0,0
397,0.0283,0.1794,26,0.5,1.65,6,28,12,0,1,1,0,4,,0,0,0,1,0,0,0,0,0,0,1,0,0,0,0,0,0,0,1,0,0,0
398,0.0283,0.1871999999999999,53,0.4,8.18,1,8,7,0,0,0,0,4,15.0,0,1,0,0,0,0,1,0,0,0,1,0,0,0,0,0,0,0,0,0,0,1
399,0.0315,0.1593,30,0.43,11.28,5,7,6,1,0,1,1,4,,0,1,0,1,0,0,0,0,0,0,0,0,0,1,0,0,0,0,0,1,0,0
400,0.0373,0.1182,47,1.3,0.11,6,5,1,1,0,1,0,3,5.0,0,0,0,1,0,0,1,0,0,0,0,0,1,0,0,0,0,1,0,0,0,0
401,0.0217,0.1173,18,0.57,4.57,2,20,8,0,0,0,0,2,,0,1,0,1,0,0,0,1,0,0,0,0,0,1,0,0,0,0,0,1,0,0
402,0.0809,0.2025,35,0.91,5.72,5,14,6,0,0,1,0,1,5.0,1,0,0,0,0,0,1,0,0,0,0,0,0,0,0,0,0,0,1,0,0,0
403,0.0248,0.1164,51,0.95,1.24,3,21,8,0,0,0,0,4,15.0,1,0,0,1,0,0,0,1,0,0,0,0,0,0,0,1,0,0,0,0,1,0
404,0.0201,0.0972,16,0.96,1.44,4,31,10,0,1,0,0,4,,0,0,1,0,0,0,1,1,0,0,0,0,0,0,1,0,0,1,0,0,0,0
405,0.085,0.1856999999999999,44,0.99,3.82,5,13,9,0,0,1,0,1,5.0,1,0,0,0,0,1,1,0,0,0,0,0,0,0,0,1,0,0,1,0,0,0
406,0.024,0.0825,40,0.5,1.71,4,2,5,1,0,0,0,3,5.0,1,0,0,0,1,0,1,1,0,0,1,0,0,0,0,0,0,0,0,0,0,1
407,0.0887,0.2649,5,0.7,6.33,6,23,2,0,1,1,0,3,0.0,1,0,0,0,1,0,0,0,1,1,0,0,0,0,0,0,0,0,0,1,0,0
408,0.0184,0.1098,62,0.88,2.79,5,26,4,0,1,1,0,4,50.0,0,0,1,0,0,0,1,1,0,0,0,0,0,0,0,0,0,0,0,0,1,0
409,0.0495,0.1761,57,1.58,-0.14,4,11,7,0,0,0,0,2,15.0,0,0,0,0,0,1,1,0,0,0,0,0,1,0,0,0,0,0,0,0,0,0
410,0.102,0.2223,40,0.84,4.37,4,16,5,0,0,0,0,2,5.0,1,0,0,1,0,0,0,0,1,0,0,0,1,0,0,0,0,0,0,0,0,0
411,0.0155,0.1059,50,0.7,3.32,6,20,4,0,0,1,0,4,5.0,0,1,0,1,0,0,0,1,0,0,0,1,0,0,0,0,1,0,0,0,0,0
412,0.0345,0.1341,7,0.52,4.23,5,8,3,0,0,1,0,4,0.0,0,1,1,0,0,0,0,0,0,0,0,0,0,0,1,0,0,0,0,0,0,1
413,0.059,0.1398,23,0.94,1.96,2,7,5,1,0,0,0,0,,0,0,0,0,0,0,0,0,0,1,0,0,0,0,0,0,0,1,0,0,0,0
414,0.0441,0.1197,28,0.29,3.89,5,22,3,0,0,1,0,2,,1,0,0,0,0,0,0,0,0,0,0,0,0,1,0,0,0,0,0,0,0,0
415,0.0541,0.1698,43,0.9,2.13,3,16,10,0,0,0,0,4,5.0,0,0,0,0,0,0,1,0,1,1,0,0,0,0,0,0,0,1,0,0,0,0
416,0.0367,0.159,5,0.85,4.35,5,15,2,0,0,1,0,2,0.0,0,1,0,1,0,0,0,0,0,0,0,0,0,0,1,0,0,1,0,0,0,0
417,0.0399,0.0855,14,0.35,1.52,3,1,5,1,0,0,0,1,0.0,0,0,0,0,0,1,1,1,0,0,0,0,0,1,0,0,0,0,1,0,0,0
418,0.0289,0.1071,39,0.48,6.07,0,20,1,0,0,0,0,3,5.0,1,0,0,1,0,0,1,1,0,0,0,0,0,1,0,0,0,1,0,0,0,0
419,0.0302,0.1716,27,0.33,4.05,3,30,1,0,1,0,0,4,,0,0,0,0,0,1,1,0,0,0,0,0,0,1,0,0,1,0,0,0,0,0
420,0.0376,0.1398,70,0.45,3.14,0,27,1,0,1,0,0,2,15.0,0,1,0,1,0,0,1,0,0,0,1,0,0,0,0,0,0,0,0,1,0,0
421,0.0788,0.1656,21,0.38,4.04,5,27,12,0,1,1,0,3,,0,0,0,0,0,1,1,0,1,0,1,0,0,0,0,0,0,0,0,0,1,0
422,0.0579,0.1452,17,0.8,0.66,6,5,1,1,0,1,0,0,,0,1,0,1,0,0,1,0,0,0,0,0,0,0,0,0,0,1,0,0,0,0
423,0.0294,0.0783,30,0.52,2.71,2,16,4,0,0,0,0,1,,0,1,0,0,0,0,0,1,0,0,1,0,0,0,0,0,1,0,0,0,0,0
424,0.0321,0.1815,14,0.85,0.53,4,18,7,0,0,0,0,4,0.0,1,0,0,1,0,0,1,0,0,0,0,0,1,0,0,0,0,0,0,0,0,1
425,0.0373,0.078,81,0.95,1.77,4,18,4,0,0,0,1,1,50.0,0,1,1,0,0,0,0,1,0,0,0,0,0,0,0,0,1,0,0,0,0,0
426,0.0754,0.2334,35,0.65,11.47,5,12,7,0,0,1,0,2,5.0,0,0,0,0,1,0,1,0,1,0,0,0,0,0,0,0,0,0,0,0,0,1
427,0.0823,0.1491,18,1.08,2.16,6,19,1,0,0,1,0,0,,0,1,0,1,0,0,1,0,1,0,0,0,0,0,0,1,0,1,0,0,0,0
428,0.0418,0.1442999999999999,44,1.11,-0.03,3,14,8,0,0,0,0,4,5.0,1,0,0,1,0,0,0,0,0,1,0,0,0,0,0,0,0,0,0,1,0,0
429,0.0619,0.2349,82,0.86,2.69,5,3,5,1,0,1,0,3,50.0,1,0,1,0,0,0,0,0,1,0,0,0,0,0,1,0,0,0,1,0,0,0
430,0.0419,0.1293,74,0.9,1.62,4,30,5,0,1,0,0,1,50.0,1,0,0,0,0,1,0,1,0,0,0,0,1,0,0,0,0,0,0,0,1,0
431,0.0401,0.1188,69,0.95,3.2,3,11,12,0,0,0,0,3,15.0,0,0,0,1,0,0,0,0,0,0,0,0,0,0,0,0,0,0,0,0,0,1
432,0.0895,0.2346,22,1.05,4.65,5,1,11,1,0,1,0,3,,1,0,0,1,0,0,1,0,1,0,0,0,1,0,0,0,0,1,0,0,0,0
433,0.0229,0.1215,6,0.64,4.2,6,28,9,0,1,1,0,3,0.0,0,1,0,0,0,1,1,1,0,0,0,0,0,0,1,0,0,0,0,0,0,1
434,0.1265,0.2046,56,0.6,10.63,2,10,12,0,0,0,0,0,15.0,0,0,0,0,1,0,1,0,1,0,0,1,0,0,0,0,0,0,0,0,0,1
435,0.0195,0.1217999999999999,15,1.15,1.96,3,2,10,1,0,0,0,4,0.0,1,0,0,0,1,0,1,1,0,1,0,0,0,0,0,0,0,0,0,0,1,0
436,0.0464,0.0882,6,0.24,6.34,2,10,9,0,0,0,0,0,0.0,1,0,0,0,0,1,1,1,0,0,1,0,0,0,0,0,0,1,0,0,0,0
437,0.0301,0.1176,21,0.73,3.37,3,13,3,0,0,0,0,2,,1,0,1,0,0,0,1,1,0,0,0,1,0,0,0,0,1,0,0,0,0,0
438,0.0772,0.2216999999999999,30,0.73,9.41,2,23,7,0,0,0,0,2,5.0,1,0,1,0,0,0,1,0,1,0,0,0,0,0,0,0,0,0,0,0,0,0
439,0.0202,0.1194,6,0.53,4.35,6,14,12,0,0,1,0,4,0.0,1,0,0,0,0,0,0,1,0,0,0,1,0,0,0,0,0,0,0,0,1,0
440,0.0358,0.0807,17,0.48,0.61,6,14,12,0,0,1,0,1,,0,0,0,1,0,0,0,1,0,0,0,0,0,1,0,0,0,0,0,1,0,0
441,0.0297,0.1377,24,0.81,1.04,1,23,12,0,0,0,0,4,,0,0,0,0,1,0,0,0,0,0,0,0,0,0,0,1,0,0,0,0,0,0
442,0.0152,0.0791999999999999,6,0.55,1.62,3,12,6,0,0,0,0,4,0.0,0,1,0,0,1,0,0,1,0,1,0,0,0,0,0,0,1,0,0,0,0,0
443,0.0321,0.0714,15,0.74,-0.12,2,24,9,0,1,0,0,3,0.0,1,0,0,1,0,0,1,1,0,1,0,0,0,0,0,0,0,0,0,1,0,0
444,0.1368,0.1898999999999999,23,0.43,6.42,1,27,5,0,1,0,0,1,,1,0,0,1,0,0,1,0,1,0,1,0,0,0,0,0,1,0,0,0,0,0
445,0.1071,0.2193,7,0.67,1.9,2,29,1,0,1,0,0,1,0.0,1,0,0,0,1,0,0,0,1,0,0,0,0,0,1,0,0,1,0,0,0,0
446,0.0443,0.1568999999999999,55,0.58,9.0,6,25,5,0,1,1,0,3,15.0,0,0,1,0,0,0,0,0,0,0,0,0,0,1,0,0,0,0,0,0,1,0
447,0.0384,0.1866,45,0.46,4.17,2,3,12,1,0,0,0,2,5.0,0,1,0,0,0,1,1,0,0,0,1,0,0,0,0,0,0,0,0,0,0,1
448,0.0261,0.0714,11,0.71,1.89,2,13,8,0,0,0,0,3,0.0,0,1,1,0,0,0,1,1,0,0,0,0,0,0,0,0,0,1,0,0,0,0
449,0.0439,0.1923,7,1.68,1.03,4,30,5,0,1,0,0,4,0.0,1,0,0,0,0,0,0,0,0,0,0,0,1,0,0,0,0,0,1,0,0,0
450,0.0657,0.1457999999999999,42,0.65,5.25,1,25,2,0,1,0,0,2,5.0,0,1,1,0,0,0,0,0,1,0,0,1,0,0,0,0,0,0,0,1,0,0
451,0.1695,0.2094,17,0.69,7.44,4,4,7,1,0,0,0,0,,1,0,0,1,0,0,0,0,1,0,0,1,0,0,0,0,0,0,0,0,0,1
452,0.0519,0.1599,29,0.53,5.27,5,30,8,0,1,1,0,2,,1,0,0,0,0,0,0,0,0,0,0,0,0,1,0,0,0,0,0,0,0,1
453,0.0575,0.1731,22,0.24,11.46,6,2,2,1,0,1,0,0,,0,0,1,0,0,0,1,0,0,0,1,0,0,0,0,0,0,0,1,0,0,0
454,0.0569,0.1989,37,1.99,0.89,0,16,6,0,0,0,0,0,5.0,0,0,1,0,0,0,0,0,0,0,0,0,1,0,0,0,0,0,0,0,0,1
455,0.0668,0.1746,47,0.84,0.95,1,23,9,0,0,0,0,3,5.0,0,0,0,0,0,0,1,0,1,1,0,0,0,0,0,0,0,0,0,0,0,1
456,0.1266,0.2463,5,0.37,11.35,6,28,12,0,1,1,0,1,0.0,1,0,0,0,0,0,1,0,1,0,1,0,0,0,0,0,0,0,0,0,0,1
457,0.0748,0.1605,79,0.43,4.62,1,15,4,0,0,0,0,3,50.0,1,0,0,0,1,0,0,0,1,0,0,0,0,1,0,0,0,0,0,0,1,0
458,0.1336,0.1683,25,0.62,6.81,2,22,10,0,0,0,0,0,,0,0,0,1,0,0,1,0,1,0,0,0,0,0,1,0,0,1,0,0,0,0
459,0.0501,0.1143,10,0.89,2.53,4,15,8,0,0,0,0,1,0.0,1,0,0,0,0,0,1,1,0,0,0,0,0,0,0,1,1,0,0,0,0,0
460,0.1217,0.1707,55,0.6,8.68,6,8,6,0,0,1,0,1,15.0,1,0,1,0,0,0,0,0,1,0,0,0,0,1,0,0,0,0,1,0,0,0
461,0.0536,0.2169,5,0.95,5.3,6,5,1,1,0,1,0,4,0.0,0,1,0,0,0,0,1,0,1,0,0,0,0,0,0,0,0,0,0,0,1,0
462,0.0232,0.0786,8,0.87,0.6,4,31,10,0,1,0,0,4,0.0,1,0,0,0,1,0,0,1,0,0,0,0,0,0,0,1,0,0,0,0,1,0
463,0.0449,0.1875,35,0.72,4.0,6,6,7,1,0,1,0,3,5.0,0,1,0,0,0,0,1,0,0,0,0,1,0,0,0,0,0,0,1,0,0,0
464,0.1103,0.1815,49,0.77,1.24,5,27,12,0,1,1,0,1,5.0,0,0,0,1,0,0,1,0,1,1,0,0,0,0,0,0,0,0,0,0,0,1
465,0.0511,0.1374,38,0.86,1.2,5,4,10,1,0,1,0,3,5.0,1,0,0,0,0,0,0,0,0,1,0,0,0,0,0,0,0,0,1,0,0,0
466,0.0615,0.1533,50,0.46,9.78,5,26,7,0,1,1,0,2,5.0,1,0,0,0,0,0,0,0,0,0,0,0,0,1,0,0,0,0,0,0,0,0
467,0.066,0.2339999999999999,44,0.67,5.84,4,10,1,0,0,0,0,3,5.0,0,0,0,0,1,0,1,0,1,0,0,0,0,0,0,1,0,0,0,0,0,1
468,0.0671,0.2031,29,1.04,1.6,0,10,11,0,0,0,0,2,,0,0,0,0,0,1,1,0,1,1,0,0,0,0,0,0,0,1,0,0,0,0
469,0.0304,0.1035,25,0.9,0.65,3,28,8,0,1,0,0,1,,0,0,0,0,1,0,1,1,0,0,0,0,0,0,0,0,0,0,0,1,0,0
470,0.0566,0.2598,20,0.91,6.59,4,11,4,0,0,0,0,4,,0,0,0,0,0,0,1,0,1,1,0,0,0,0,0,0,0,0,0,0,0,0
471,0.0594,0.1752,76,0.26,17.27,4,10,10,0,0,0,0,0,50.0,0,1,0,0,0,1,0,0,0,0,0,0,0,1,0,0,1,0,0,0,0,0
472,0.0254,0.1215,9,0.78,1.04,2,26,11,0,1,0,0,4,0.0,1,0,0,1,0,0,0,1,0,1,0,0,0,0,0,0,0,0,0,0,0,1
473,0.0649,0.1683,24,0.54,4.34,4,21,2,0,0,0,0,3,,0,0,1,0,0,0,1,0,1,0,1,0,0,0,0,0,0,0,1,0,0,0
474,0.0537,0.1656,6,1.8,0.21,6,16,3,0,0,1,0,0,0.0,0,1,0,0,0,1,0,0,0,0,0,0,1,0,0,0,1,0,0,0,0,0
475,0.0204,0.1104,55,1.0,2.94,5,18,1,0,0,1,0,4,15.0,1,0,0,0,0,0,0,1,0,1,0,0,0,0,0,0,0,0,0,0,1,0
476,0.106,0.2178,44,0.58,3.93,2,12,3,0,0,0,0,0,5.0,0,1,0,0,1,0,0,0,1,0,0,0,0,1,0,0,0,0,0,0,0,1
477,0.0976,0.2319,19,0.47,11.44,4,8,8,0,0,0,0,0,,0,1,0,1,0,0,0,0,1,0,0,0,0,0,0,1,0,0,0,0,0,0
478,0.0508,0.2196,19,1.94,-0.2,4,7,3,1,0,0,0,4,,0,0,0,1,0,0,1,0,1,0,0,0,1,0,0,0,0,0,0,1,0,0
479,0.0611,0.1239,5,0.33,5.91,5,29,3,0,1,1,0,1,0.0,0,1,0,1,0,0,1,0,0,0,0,0,0,1,0,0,0,0,0,0,0,1
480,0.1556,0.2624999999999999,17,1.03,7.3,6,23,3,0,0,1,0,0,,1,0,0,0,0,1,0,0,1,1,0,0,0,0,0,0,0,0,0,0,0,0
481,0.058,0.1644,84,0.99,2.9,0,7,4,1,0,0,0,1,50.0,0,1,1,0,0,0,0,0,0,0,0,0,0,0,0,1,0,1,0,0,0,0
482,0.0364,0.0975,6,0.5,2.02,3,28,8,0,1,0,0,1,0.0,0,0,0,0,1,0,0,1,0,0,0,0,0,1,0,0,0,0,0,0,1,0
483,0.0424,0.1583999999999999,49,1.08,1.19,6,23,2,0,1,1,0,2,5.0,0,0,0,0,0,1,1,0,0,0,0,0,0,0,0,0,0,1,0,0,0,0
484,0.0314,0.1425,75,0.52,7.45,6,6,4,1,0,1,0,4,50.0,0,0,1,0,0,0,1,0,0,0,0,1,0,0,0,0,0,0,1,0,0,0
485,0.0312,0.1068,27,1.83,-0.03,2,7,5,1,0,0,0,2,,0,1,0,0,0,0,1,1,0,0,0,0,1,0,0,0,0,0,0,0,0,0
486,0.0463,0.1901999999999999,42,0.49,11.58,5,29,3,0,1,1,0,4,5.0,0,1,0,0,0,1,1,0,1,0,0,1,0,0,0,0,0,0,0,0,0,0
487,0.0508,0.1227,30,0.41,9.11,0,29,12,0,1,0,0,1,5.0,0,1,0,0,0,0,1,0,0,0,1,0,0,0,0,0,0,0,0,0,0,0
488,0.0508,0.1296,62,0.42,2.67,2,26,11,0,1,0,0,2,15.0,1,0,0,0,1,0,0,0,0,0,1,0,0,0,0,0,0,0,0,0,0,1
489,0.0598,0.1215,70,0.74,4.58,2,5,3,1,0,0,0,2,15.0,1,0,0,0,0,0,0,0,0,0,0,1,0,0,0,0,0,0,0,0,0,1
490,0.0376,0.1299,64,0.2,21.45,1,28,10,0,1,0,0,1,15.0,0,0,0,0,0,0,0,1,0,0,1,0,0,0,0,0,0,0,0,0,0,1
491,0.0215,0.1167,48,0.55,2.33,6,2,11,1,0,1,0,3,5.0,0,0,0,0,0,0,1,1,0,0,0,0,0,0,1,0,0,1,0,0,0,0
492,0.0317,0.1062,8,1.95,-0.14,2,12,2,0,0,0,0,1,0.0,0,0,0,0,1,0,1,1,0,0,0,0,1,0,0,0,0,0,1,0,0,0
493,0.0463,0.1227,23,1.37,1.69,2,9,4,0,0,0,0,0,,0,0,1,0,0,0,1,1,0,0,0,0,0,0,0,0,0,0,1,0,0,0
494,0.0863,0.2487,59,0.31,26.86,6,29,6,0,1,1,0,2,15.0,0,1,0,0,1,0,0,0,1,0,1,0,0,0,0,0,0,0,1,0,0,0
495,0.0552,0.2556,47,0.97,3.75,6,26,10,0,1,1,0,3,15.0,0,1,0,0,1,0,0,0,1,0,0,0,0,0,0,0,0,0,0,0,0,0
496,0.0519,0.1038,54,0.48,6.65,3,1,5,1,0,0,0,0,15.0,1,0,0,0,0,0,1,1,0,0,0,1,0,0,0,0,0,0,0,0,0,0
497,0.022,0.09,13,0.32,1.64,1,17,6,0,0,0,0,4,0.0,0,1,0,0,0,1,0,1,0,0,0,1,0,0,0,0,1,0,0,0,0,0
498,0.0485,0.1506,43,0.52,2.1,2,15,10,0,0,0,0,2,5.0,0,0,0,1,0,0,0,0,0,0,0,1,0,0,0,0,0,1,0,0,0,0
499,0.0327,0.0902999999999999,45,1.44,-0.3,0,7,7,1,0,0,0,2,5.0,1,0,0,1,0,0,1,1,0,0,0,0,0,0,0,0,0,0,0,0,1,0
500,0.035,0.1497,10,0.68,2.63,6,29,6,0,1,1,0,4,0.0,0,0,0,0,1,0,0,0,0,0,0,1,0,0,0,0,0,1,0,0,0,0
501,0.0356,0.1245,43,0.25,11.32,2,13,8,0,0,0,0,2,5.0,0,0,1,0,0,0,0,1,0,0,1,0,0,0,0,0,0,0,0,0,0,0
502,0.0362,0.09,47,0.51,4.18,3,9,1,0,0,0,0,2,5.0,1,0,0,0,1,0,1,1,0,1,0,0,0,0,0,0,0,1,0,0,0,0
503,0.0424,0.1154999999999999,8,1.09,-0.04,3,2,10,1,0,0,0,0,0.0,0,1,0,0,1,0,0,1,0,0,0,0,0,0,0,0,0,0,1,0,0,0
504,0.0373,0.0957,22,0.5,3.25,4,21,3,0,0,0,0,1,,0,1,0,0,0,0,1,1,0,0,0,1,0,0,0,0,0,0,0,1,0,0
505,0.0462,0.1893,43,0.42,8.46,1,13,5,0,0,0,0,2,5.0,0,1,0,1,0,0,1,0,0,0,0,0,0,1,0,0,0,0,0,0,0,1
506,0.0355,0.1182,29,1.66,0.13,2,2,4,1,0,0,0,0,,0,0,0,0,0,0,1,1,0,0,0,0,1,0,0,0,0,1,0,0,0,0
507,0.0497,0.1646999999999999,36,0.77,2.7,1,20,5,0,0,0,0,3,5.0,1,0,0,0,0,1,1,0,0,0,0,1,0,0,0,0,0,0,0,0,0,1
508,0.0244,0.1206,14,0.27,10.7,6,24,8,0,0,1,0,2,0.0,0,0,0,0,1,0,0,1,0,0,0,0,0,1,0,0,0,0,0,0,1,0
509,0.1655,0.2454,15,0.69,1.57,5,15,3,0,0,1,0,0,0.0,1,0,0,0,0,1,0,0,1,1,0,0,0,0,0,0,0,0,0,1,0,0
510,0.0223,0.1248,6,0.58,3.46,4,23,5,0,0,0,0,2,0.0,0,1,0,0,0,1,1,1,0,0,0,0,0,0,0,1,0,0,1,0,0,0
511,0.0636,0.1179,42,1.26,1.95,3,5,6,1,0,0,0,1,5.0,0,1,0,0,1,0,1,0,0,0,0,0,1,0,0,0,0,0,1,0,0,0
512,0.0269,0.1149,11,0.5,3.06,0,31,3,0,1,0,0,2,0.0,1,0,0,0,0,0,1,1,0,0,0,0,0,1,0,0,0,0,0,0,0,1
513,0.0469,0.1896,40,0.53,8.26,6,16,3,0,0,1,0,3,5.0,0,0,0,0,0,0,0,0,0,0,0,0,0,1,0,0,0,0,0,0,0,0
514,0.0552,0.2574,17,0.48,8.18,6,5,10,1,0,1,0,4,,1,0,0,1,0,0,1,0,1,0,0,0,0,0,0,1,1,0,0,0,0,0
515,0.0615,0.1062,10,1.45,1.07,2,17,9,0,0,0,0,0,0.0,1,0,0,0,0,0,1,1,0,0,0,0,1,0,0,0,0,0,0,0,0,1
516,0.0452,0.1931999999999999,47,0.92,1.28,5,4,10,1,0,1,0,3,5.0,0,1,0,0,1,0,0,0,0,0,0,0,0,0,0,0,0,0,0,0,1,0
517,0.08,0.2085,61,1.08,3.06,1,25,11,0,1,0,0,1,50.0,0,1,0,0,0,1,0,0,1,0,0,0,1,0,0,0,0,0,1,0,0,0
518,0.0389,0.1251,47,1.38,0.76,0,9,6,0,0,0,1,4,15.0,0,0,1,0,0,0,0,0,0,0,0,0,1,0,0,0,0,1,0,0,0,0
519,0.0733,0.1557,30,0.48,3.54,0,20,10,0,0,0,0,2,5.0,0,1,1,0,0,0,1,0,1,0,1,0,0,0,0,0,0,0,0,0,0,0
520,0.0761,0.2679,15,0.93,4.08,1,7,10,1,0,0,0,2,,0,1,0,0,0,1,0,0,1,1,0,0,0,0,0,0,0,0,0,0,1,0
521,0.0265,0.1083,26,0.9,2.89,6,9,3,0,0,1,0,4,,0,1,0,0,0,1,0,0,0,0,0,0,0,0,0,0,0,0,0,0,0,0
522,0.1022,0.1527,11,0.56,6.17,6,5,1,1,0,1,0,1,0.0,0,1,0,0,0,0,1,0,1,0,0,0,0,0,0,1,0,1,0,0,0,0
523,0.0223,0.1026,9,0.93,0.74,5,20,9,0,0,1,0,4,0.0,0,1,0,1,0,0,1,1,0,0,0,0,1,0,0,0,0,1,0,0,0,0
524,0.09,0.2249999999999999,41,0.63,9.1,3,24,4,0,1,0,0,2,5.0,1,0,1,0,0,0,0,0,1,0,0,0,0,0,1,0,0,1,0,0,0,0
525,0.0271,0.0723,57,0.44,4.82,2,5,11,1,0,0,0,1,15.0,0,1,1,0,0,0,0,1,0,0,1,0,0,0,0,0,0,0,0,0,0,0
526,0.0293,0.1242,14,0.65,0.3,2,2,4,1,0,0,0,2,0.0,0,0,0,0,1,0,0,1,0,1,0,0,0,0,0,0,0,0,0,0,0,0
527,0.042,0.072,14,0.51,3.11,6,13,4,0,0,1,0,1,0.0,0,0,0,1,0,0,1,1,0,0,0,0,0,1,0,0,1,0,0,0,0,0
528,0.088,0.1926,17,0.69,2.97,0,3,11,1,0,0,0,0,,1,0,0,1,0,0,1,0,0,0,0,0,0,0,1,0,0,0,0,0,0,1
529,0.0484,0.0882,13,0.39,4.46,2,31,12,0,1,0,0,0,0.0,1,0,0,0,0,0,0,1,0,0,0,0,0,1,0,0,0,0,1,0,0,0
530,0.0561,0.1538999999999999,18,1.5,2.15,3,11,12,0,0,0,0,2,,0,0,0,0,1,0,1,0,0,0,0,0,1,0,0,0,0,1,0,0,0,0
531,0.1175,0.1935,65,0.36,10.72,3,22,5,0,0,0,0,0,15.0,0,1,0,0,1,0,0,0,1,0,0,1,0,0,0,0,0,1,0,0,0,0
532,0.076,0.2264999999999999,20,0.84,1.27,6,16,11,0,0,1,0,3,,0,0,0,1,0,0,0,0,1,0,0,0,0,0,0,1,0,0,1,0,0,0
533,0.0392,0.0935999999999999,6,1.53,0.62,4,16,5,0,0,0,0,0,0.0,0,1,0,0,0,0,0,1,0,0,0,0,1,0,0,0,0,0,1,0,0,0
534,0.0378,0.0858,63,0.95,0.01,5,20,12,0,0,1,0,1,50.0,0,1,0,0,0,0,0,1,0,1,0,0,0,0,0,0,0,1,0,0,0,0
535,0.0223,0.1137,10,0.39,5.67,2,2,7,1,0,0,0,4,0.0,0,1,0,0,1,0,1,1,0,0,0,0,0,1,0,0,0,0,0,1,0,0
536,0.0518,0.1503,44,0.76,5.2,1,25,11,0,1,0,0,2,5.0,0,1,0,0,0,1,1,0,0,1,0,0,0,0,0,0,0,0,0,0,0,1
537,0.04,0.1875,84,1.37,4.44,3,31,7,0,1,0,0,3,50.0,0,0,0,0,0,0,1,0,0,0,0,0,0,0,0,0,0,0,0,1,0,0
538,0.0569,0.0921,49,0.96,0.31,2,5,3,1,0,0,0,0,5.0,1,0,1,0,0,0,1,1,0,0,0,0,0,0,0,1,0,0,0,0,1,0
539,0.0235,0.1263,14,1.61,0.68,2,23,4,0,0,0,0,3,0.0,0,1,0,1,0,0,1,1,0,0,0,0,1,0,0,0,0,0,1,0,0,0
540,0.0481,0.171,39,0.44,3.21,4,14,11,0,0,0,0,2,5.0,1,0,0,0,0,0,1,0,0,0,0,0,0,1,0,0,0,1,0,0,0,0
541,0.0413,0.1185,25,0.54,6.17,3,4,9,1,0,0,0,0,,0,0,0,1,0,0,0,1,0,0,0,1,0,0,0,0,0,1,0,0,0,0
542,0.1052,0.2042999999999999,20,0.56,10.88,2,13,8,0,0,0,0,0,,1,0,0,0,0,0,0,0,0,0,0,1,0,0,0,0,0,0,1,0,0,0
543,0.0273,0.1883999999999999,45,0.8,2.17,2,12,3,0,0,0,0,4,5.0,0,1,0,0,0,1,1,0,0,0,0,0,0,0,0,1,0,0,0,0,0,0
544,0.0507,0.1662,12,0.69,4.35,3,8,5,0,0,0,0,2,0.0,0,0,1,0,0,0,0,0,0,0,0,0,0,0,1,0,0,0,0,0,0,0
545,0.0226,0.0774,50,1.43,-0.55,0,24,11,0,1,0,0,4,5.0,0,0,1,0,0,0,0,1,0,0,0,0,0,0,0,0,0,0,1,0,0,0
546,0.0617,0.1743,54,0.7,3.1,4,29,8,0,1,0,0,3,15.0,1,0,0,0,1,0,0,0,1,0,0,0,0,0,0,1,0,0,0,0,0,1
547,0.1128,0.1911,55,0.82,7.5,0,20,10,0,0,0,0,1,15.0,0,0,0,0,0,0,1,0,1,0,0,0,0,0,0,0,0,0,1,0,0,0
548,0.0989,0.2535,41,0.69,7.29,4,5,12,1,0,0,0,1,5.0,1,0,1,0,0,0,1,0,1,0,0,0,0,0,0,0,0,0,1,0,0,0
549,0.0787,0.1728,49,0.32,17.3,1,11,3,0,0,0,0,3,5.0,0,0,0,0,0,1,1,0,1,0,0,0,0,1,0,0,0,0,1,0,0,0
550,0.0781,0.1583999999999999,32,1.0,2.97,1,11,2,0,0,0,0,0,5.0,1,0,1,0,0,0,0,0,0,0,0,0,1,0,0,0,0,0,0,1,0,0
551,0.0724,0.1572,23,1.07,0.99,3,27,3,0,1,0,0,3,,0,0,0,0,1,0,0,0,1,1,0,0,0,0,0,0,0,1,0,0,0,0
552,0.0866,0.1497,66,0.7,3.04,2,5,2,1,0,0,0,1,50.0,0,1,0,0,1,0,1,0,1,0,0,0,0,0,0,1,0,0,0,0,0,1
553,0.0629,0.2328,70,0.8,3.84,4,2,5,1,0,0,0,2,15.0,0,1,0,1,0,0,1,0,1,0,0,1,0,0,0,0,0,0,0,0,1,0
554,0.1139,0.2184,5,0.81,5.52,4,10,10,0,0,0,0,1,0.0,1,0,0,0,0,1,0,0,1,0,0,0,0,0,1,0,1,0,0,0,0,0
555,0.052,0.1728,49,1.45,3.04,3,17,4,0,0,0,0,2,15.0,0,1,0,0,0,1,0,0,0,0,0,0,1,0,0,0,0,0,1,0,0,0
556,0.0292,0.0975,10,0.75,2.26,5,15,2,0,0,1,0,2,0.0,0,1,1,0,0,0,0,1,0,0,0,0,0,0,1,0,0,0,0,0,1,0
557,0.0267,0.126,8,0.81,2.25,4,15,8,0,0,0,0,1,0.0,0,1,0,0,0,0,1,1,0,0,0,0,0,0,0,0,0,0,0,0,0,1
558,0.0781,0.1863,77,0.98,3.54,1,18,2,0,0,0,0,1,50.0,0,0,1,0,0,0,1,0,1,0,0,0,0,0,1,0,1,0,0,0,0,0
559,0.0329,0.123,42,0.67,4.74,6,29,6,0,1,1,0,1,5.0,0,1,0,1,0,0,1,1,0,1,0,0,0,0,0,0,1,0,0,0,0,0
560,0.018,0.0723,48,1.67,0.19,4,8,8,0,0,0,0,4,5.0,0,0,0,0,0,0,1,1,0,0,0,0,1,0,0,0,0,1,0,0,0,0
561,0.0639,0.1506,28,0.9,1.92,2,7,5,1,0,0,0,1,,0,0,0,0,0,1,1,0,0,0,0,0,0,0,0,1,0,1,0,0,0,0
562,0.0565,0.1944,53,0.79,6.82,6,19,10,0,0,1,0,4,15.0,1,0,0,0,1,0,1,0,1,0,0,1,0,0,0,0,0,0,0,0,1,0
563,0.0384,0.1916999999999999,13,1.3,0.75,1,3,6,1,0,0,0,4,0.0,0,0,1,0,0,0,0,0,0,0,0,0,1,0,0,0,0,1,0,0,0,0
564,0.0416,0.1038,10,0.74,2.27,4,7,3,1,0,0,0,1,0.0,1,0,1,0,0,0,0,1,0,0,0,0,0,0,0,0,0,1,0,0,0,0
565,0.0264,0.1176,15,1.15,1.95,1,11,2,0,0,0,0,2,,0,1,0,1,0,0,1,1,0,1,0,0,0,0,0,0,0,0,0,1,0,0
566,0.0322,0.1455,5,0.28,12.67,1,3,6,1,0,0,0,4,0.0,0,0,0,0,1,0,0,0,0,0,1,0,0,0,0,0,0,0,0,1,0,0
567,0.0902,0.2652,23,0.46,14.21,5,29,11,0,1,1,0,0,,0,0,0,0,0,1,0,0,1,0,0,0,0,0,1,0,0,0,0,0,1,0
568,0.037,0.0705,24,0.42,2.34,6,24,8,0,0,1,0,2,,1,0,0,0,1,0,1,1,0,0,1,0,0,0,0,0,0,0,0,0,0,0
569,0.1136,0.1898999999999999,69,0.75,4.03,6,23,11,0,0,1,0,0,50.0,1,0,0,0,0,0,1,0,1,1,0,0,0,0,0,0,0,0,0,0,1,0
570,0.0557,0.2109,6,0.77,3.01,2,25,6,0,1,0,0,4,0.0,0,1,1,0,0,0,0,0,1,0,0,0,0,0,0,1,0,0,0,0,0,0
571,0.105,0.1536,83,0.49,7.59,4,24,10,0,0,0,0,0,50.0,0,0,0,1,0,0,1,0,1,0,1,0,0,0,0,0,0,0,0,0,0,0
572,0.0542,0.0789,26,0.55,2.39,5,23,8,0,0,1,0,1,,1,0,0,1,0,0,1,1,0,0,0,0,0,1,0,0,0,0,0,0,0,1
573,0.0665,0.1953,26,1.16,1.62,0,31,3,0,1,0,0,3,,0,0,0,0,0,1,0,0,1,1,0,0,0,0,0,0,0,0,1,0,0,0
574,0.0717,0.2664,69,0.79,2.97,2,15,10,0,0,0,0,2,15.0,1,0,0,0,0,0,0,0,1,0,0,0,0,0,0,0,0,0,0,1,0,0
575,0.1011,0.2144999999999999,69,1.46,2.22,1,10,6,0,0,0,0,2,15.0,1,0,1,0,0,0,0,0,1,0,0,0,0,0,0,0,0,0,0,0,1,0
576,0.0651,0.1221,38,0.36,2.42,4,25,4,0,1,0,0,1,5.0,0,0,0,1,0,0,1,0,0,0,0,0,0,1,0,0,0,0,0,0,0,1
577,0.0603,0.1221,29,0.56,2.6,0,22,12,0,0,0,0,1,,0,1,0,0,0,0,1,0,0,1,0,0,0,0,0,0,0,0,0,0,0,1
578,0.0821,0.2631,11,0.78,4.5,3,12,6,0,0,0,0,0,0.0,0,1,0,0,0,0,1,0,1,0,0,0,0,0,0,1,0,1,0,0,0,0
579,0.0524,0.1734,28,0.3,14.71,4,10,1,0,0,0,0,2,,1,0,1,0,0,0,1,0,0,0,0,0,0,1,0,0,0,0,0,0,0,1
580,0.0396,0.096,14,0.29,8.19,4,16,5,0,0,0,0,1,0.0,1,0,0,1,0,0,1,1,0,0,0,0,0,1,0,0,0,0,0,1,0,0
581,0.0802,0.1968,10,0.99,1.14,0,14,4,0,0,0,0,1,0.0,0,0,0,0,0,1,0,0,1,0,0,0,1,0,0,0,1,0,0,0,0,0
582,0.0897,0.1527,17,0.8,0.56,0,26,5,0,1,0,0,0,,1,0,0,0,0,0,1,0,0,0,0,1,0,0,0,0,0,0,1,0,0,0
583,0.037,0.1449,36,1.13,3.25,1,19,8,0,0,0,0,2,5.0,0,1,1,0,0,0,0,0,0,0,0,0,1,0,0,0,0,1,0,0,0,0
584,0.0348,0.1209,26,0.29,11.06,0,3,11,1,0,0,0,4,,1,0,0,1,0,0,0,0,0,0,1,0,0,0,0,0,0,1,0,0,0,0
585,0.0203,0.1035,24,0.87,2.63,6,29,6,0,1,1,0,4,,0,0,0,0,0,1,1,1,0,0,0,0,0,0,0,0,0,0,0,0,0,0
586,0.121,0.2204999999999999,38,0.72,10.04,5,12,4,0,0,1,0,0,5.0,1,0,1,0,0,0,1,0,1,0,0,1,0,0,0,0,0,1,0,0,0,0
587,0.0706,0.1587,62,0.86,3.3,3,29,5,0,1,0,0,2,50.0,0,0,0,1,0,0,0,0,1,1,0,0,0,0,0,0,0,0,0,0,0,1
588,0.0509,0.1968,16,0.41,13.12,3,21,8,0,0,0,0,1,,0,0,0,1,0,0,0,0,0,0,0,1,0,0,0,0,0,0,0,0,1,0
589,0.0563,0.1683,24,0.52,4.96,0,21,4,0,0,0,0,0,,0,1,0,0,1,0,0,0,0,1,0,0,0,0,0,0,0,0,0,1,0,0
590,0.0545,0.15,36,0.41,6.25,1,29,4,0,1,0,0,0,5.0,0,1,0,0,0,1,0,0,0,0,0,0,0,1,0,0,0,0,0,0,1,0
591,0.0589,0.1767,45,1.28,2.31,2,30,4,0,1,0,0,2,5.0,0,0,1,0,0,0,1,0,0,0,0,0,0,0,0,0,0,0,0,0,1,0
592,0.0463,0.1253999999999999,17,0.84,0.96,5,6,12,1,0,1,0,3,,1,0,0,0,1,0,1,0,0,0,0,0,0,0,1,0,1,0,0,0,0,0
593,0.0513,0.1593,29,0.51,8.53,0,20,10,0,0,0,0,4,,0,1,0,0,0,1,1,0,1,1,0,0,0,0,0,0,0,0,0,0,0,1
594,0.0857,0.2042999999999999,65,0.59,8.96,3,2,1,1,0,0,0,2,15.0,0,1,0,0,0,1,0,0,1,0,0,0,0,1,0,0,0,0,1,0,0,0
595,0.0985,0.1646999999999999,57,0.55,3.99,6,30,3,0,1,1,0,0,15.0,0,0,0,0,1,0,1,0,1,0,0,0,0,1,0,0,0,1,0,0,0,0
596,0.1494,0.2787,17,0.5,6.32,2,31,12,0,1,0,0,0,,1,0,0,1,0,0,0,0,1,0,0,0,0,1,0,0,0,0,0,0,0,0
597,0.0658,0.1878,60,0.43,2.29,3,30,1,0,1,0,0,2,15.0,1,0,1,0,0,0,0,0,0,0,1,0,0,0,0,0,0,0,0,0,0,0
598,0.0532,0.18,15,0.66,5.45,3,27,3,0,1,0,0,2,0.0,1,0,0,0,0,0,0,0,0,0,0,1,0,0,0,0,0,1,0,0,0,0
599,0.0264,0.0980999999999999,24,0.94,0.64,0,10,2,0,0,0,0,3,,0,1,0,0,0,0,1,1,0,0,0,0,0,0,0,0,0,0,0,1,0,0
600,0.0637,0.195,65,1.44,2.06,3,3,4,1,0,0,0,1,15.0,1,0,0,0,0,0,1,0,0,0,0,0,0,0,0,0,0,0,1,0,0,0
601,0.0633,0.1521,48,1.84,0.91,0,14,7,0,0,0,0,0,5.0,0,0,1,0,0,0,1,0,0,0,0,0,1,0,0,0,0,0,0,0,0,0
602,0.0298,0.1232999999999999,9,0.46,5.76,4,13,6,0,0,0,0,2,0.0,1,0,0,0,1,0,0,1,0,0,0,0,0,0,0,1,0,0,0,0,0,1
603,0.0773,0.1695,74,1.02,0.38,1,14,10,0,0,0,0,2,50.0,1,0,0,0,1,0,1,0,1,0,0,0,0,0,0,1,0,0,0,0,0,0
604,0.0424,0.1698,50,0.85,2.29,3,11,9,0,0,0,0,4,5.0,1,0,0,1,0,0,0,0,0,0,0,0,0,0,0,1,0,0,1,0,0,0
605,0.0734,0.2544,9,0.56,3.41,5,10,5,0,0,1,0,3,0.0,1,0,0,0,0,1,1,0,1,0,0,0,0,0,1,0,0,0,0,1,0,0
606,0.0372,0.1217999999999999,14,0.4,4.69,1,26,8,0,1,0,0,2,0.0,0,1,0,0,0,0,0,0,0,0,0,0,0,1,0,0,1,0,0,0,0,0
607,0.0388,0.0786,64,0.54,4.17,4,19,12,0,0,0,0,1,15.0,0,0,0,0,1,0,1,1,0,0,0,0,0,1,0,0,0,0,0,0,0,1
608,0.0396,0.1677,8,0.65,2.93,1,22,4,0,0,0,0,3,0.0,0,1,1,0,0,0,0,0,0,0,0,0,0,0,0,1,1,0,0,0,0,0
609,0.0973,0.2744999999999999,66,0.82,3.47,6,13,4,0,0,1,0,0,15.0,0,1,0,0,0,1,1,0,1,0,0,0,0,0,1,0,1,0,0,0,0,0
610,0.0531,0.1124999999999999,7,0.74,0.32,6,10,8,0,0,1,0,1,0.0,1,0,1,0,0,0,0,1,0,1,0,0,0,0,0,0,0,0,0,0,1,0
611,0.0397,0.1119,79,0.35,8.38,6,2,11,1,0,1,0,2,50.0,0,1,0,0,0,1,0,0,0,0,0,0,0,1,0,0,0,0,0,1,0,0
612,0.0688,0.2229,67,0.68,2.69,6,9,2,0,0,1,0,3,15.0,1,0,0,1,0,0,0,0,1,0,0,0,0,0,1,0,0,0,1,0,0,0
613,0.0411,0.096,17,1.01,1.76,3,16,1,0,0,0,0,1,,0,0,0,0,1,0,1,1,0,0,0,0,0,0,0,0,0,1,0,0,0,0
614,0.0545,0.0825,7,0.71,0.0,6,16,2,0,0,1,0,0,0.0,1,0,0,0,0,0,0,1,0,0,0,1,0,0,0,0,0,0,1,0,0,0
615,0.0215,0.0705,24,0.3,5.86,1,9,9,0,0,0,0,4,,1,0,0,0,1,0,1,1,0,0,1,0,0,0,0,0,1,0,0,0,0,0
616,0.0656,0.1631999999999999,25,1.52,2.07,1,30,12,0,1,0,0,1,,0,0,0,0,1,0,0,0,0,0,0,0,1,0,0,0,0,0,1,0,0,0
617,0.0399,0.1206,53,1.1,2.43,5,8,11,0,0,1,0,3,15.0,0,0,1,0,0,0,1,0,0,0,0,0,0,0,0,0,0,0,0,0,0,0
618,0.0704,0.1961999999999999,38,1.19,2.01,4,25,4,0,1,0,0,0,5.0,0,1,0,0,0,1,1,0,0,0,0,0,1,0,0,0,1,0,0,0,0,0
619,0.0885,0.1356,51,1.07,2.82,5,6,12,1,0,1,0,1,15.0,1,0,0,0,1,0,0,0,0,1,0,0,0,0,0,0,0,1,0,0,0,0
620,0.0243,0.0843,26,0.9,0.05,1,2,9,1,0,0,0,2,,0,1,0,1,0,0,0,1,0,0,0,0,0,0,0,1,0,0,0,1,0,0
621,0.0956,0.2133,12,0.71,5.78,2,19,3,0,0,0,0,1,0.0,0,0,0,1,0,0,1,0,1,0,0,0,0,0,0,0,0,1,0,0,0,0
622,0.0628,0.2352,63,0.72,4.28,0,30,6,0,1,0,0,3,50.0,1,0,0,1,0,0,1,0,1,0,0,0,0,0,0,0,0,0,1,0,0,0
623,0.089,0.2294999999999999,64,0.65,5.47,6,9,2,0,0,1,0,1,15.0,0,1,0,0,1,0,1,0,1,1,0,0,0,0,0,0,0,1,0,0,0,0
624,0.0395,0.1791,15,0.83,1.54,0,27,10,0,1,0,0,4,,0,0,1,0,0,0,0,0,0,0,0,0,0,0,0,1,0,0,1,0,0,0
625,0.0232,0.0906,44,0.39,1.4,0,15,9,0,0,0,0,3,5.0,0,0,0,0,0,0,1,1,0,0,0,1,0,0,0,0,0,0,0,0,0,0
626,0.1111,0.2042999999999999,35,0.35,9.79,6,3,8,1,0,1,0,0,5.0,0,1,0,0,1,0,1,0,1,0,0,0,0,1,0,0,0,0,0,1,0,0
627,0.0379,0.1281,6,0.62,1.28,4,3,10,1,0,0,0,4,0.0,0,0,0,0,1,0,0,0,0,0,0,0,0,0,1,0,0,0,0,0,1,0
628,0.0454,0.2589,89,0.47,5.15,1,11,11,0,0,0,0,4,50.0,0,0,0,1,0,0,1,0,1,0,0,1,0,0,0,0,0,1,0,0,0,0
629,0.0883,0.2469,15,0.54,9.06,6,2,11,1,0,1,0,2,,1,0,0,0,0,0,1,0,1,0,0,0,0,1,0,0,0,0,0,0,1,0
630,0.0619,0.1956,17,0.89,1.78,1,11,11,0,0,0,1,1,,0,1,0,0,0,1,0,0,0,1,0,0,0,0,0,0,0,0,0,1,0,0
631,0.0328,0.0939,20,1.01,1.3,1,2,12,1,0,0,0,2,,1,0,0,0,0,1,1,1,0,0,0,0,0,0,0,1,0,0,0,0,1,0
632,0.0945,0.1898999999999999,29,1.04,3.07,2,24,12,0,0,0,0,1,,0,1,0,0,0,0,1,0,1,0,0,0,0,0,0,1,0,0,0,0,0,1
633,0.0539,0.1332,30,1.03,1.67,3,12,6,0,0,0,0,1,5.0,0,1,1,0,0,0,1,0,0,0,0,0,0,0,0,1,0,0,0,0,1,0
634,0.0329,0.1236,24,0.49,5.94,2,23,7,0,0,0,0,2,,1,0,0,0,1,0,0,1,0,0,1,0,0,0,0,0,0,0,0,1,0,0
635,0.0156,0.0699,14,0.55,1.13,3,8,5,0,0,0,0,4,0.0,0,1,0,0,1,0,0,1,0,0,0,0,0,1,0,0,0,0,0,0,0,0
636,0.1013,0.2568,56,1.22,0.71,2,5,3,1,0,0,0,0,15.0,0,1,0,0,1,0,1,0,1,0,0,0,1,0,0,0,1,0,0,0,0,0
637,0.0645,0.2211,74,0.22,10.32,2,28,5,0,1,0,0,4,50.0,0,0,0,0,0,1,1,0,1,0,1,0,0,0,0,0,0,1,0,0,0,0
638,0.0725,0.1698,70,1.75,1.21,3,5,6,1,0,0,0,2,15.0,0,1,0,0,1,0,0,0,1,0,0,0,1,0,0,0,0,0,0,1,0,0
639,0.0463,0.1835999999999999,47,1.9,1.52,5,1,2,1,0,1,0,2,5.0,0,1,0,0,0,1,1,0,0,0,0,0,1,0,0,0,0,0,1,0,0,0
640,0.0619,0.1347,50,0.37,7.41,0,29,9,0,1,0,0,2,15.0,1,0,0,0,0,0,1,0,0,0,0,1,0,0,0,0,0,0,0,0,0,1
641,0.0568,0.1575,33,1.04,0.41,1,9,9,0,0,0,0,2,5.0,1,0,0,0,0,0,1,0,0,0,0,0,0,0,0,1,1,0,0,0,0,0
642,0.0454,0.1251,11,0.75,2.48,3,11,12,0,0,0,0,1,0.0,0,1,1,0,0,0,0,0,0,0,0,0,0,0,0,1,0,0,0,0,0,1
643,0.0273,0.0945,6,0.65,2.7,4,27,6,0,1,0,0,4,0.0,1,0,0,0,1,0,0,1,0,1,0,0,0,0,0,0,0,0,0,0,0,1
644,0.0515,0.1227,11,0.93,1.06,6,2,11,1,0,1,0,2,0.0,0,1,0,0,0,1,1,0,0,1,0,0,0,0,0,0,1,0,0,0,0,0
645,0.0234,0.0801,26,0.55,1.61,6,29,6,0,1,1,0,3,,0,0,0,0,0,0,1,1,0,0,0,0,0,0,0,1,0,0,0,0,0,0
646,0.0385,0.1359,44,0.73,2.9,3,20,2,0,0,0,0,4,5.0,1,0,0,0,0,0,1,0,0,0,0,0,0,0,1,0,0,0,0,0,1,0
647,0.0843,0.2337,7,1.08,5.47,4,7,3,1,0,0,0,3,0.0,1,0,0,0,0,1,1,0,1,0,0,0,0,0,0,1,0,0,1,0,0,0
648,0.0667,0.1365,35,0.33,9.66,5,4,1,1,0,1,0,1,5.0,1,0,0,1,0,0,0,0,0,0,0,0,0,1,0,0,0,0,0,0,1,0
649,0.0292,0.0864,20,0.35,5.81,5,17,5,0,0,1,0,2,,0,0,0,1,0,0,1,1,0,0,1,0,0,0,0,0,0,0,0,1,0,0
650,0.0489,0.15,58,0.97,3.7,3,27,3,0,1,0,0,1,50.0,0,0,0,0,0,1,1,0,0,0,0,0,0,0,1,0,0,0,1,0,0,0
651,0.0324,0.1875,13,0.62,4.81,0,17,11,0,0,0,0,4,0.0,1,0,0,0,1,0,1,0,0,0,0,1,0,0,0,0,0,0,1,0,0,0
652,0.0558,0.1698,33,0.58,1.76,6,9,3,0,0,1,0,2,5.0,0,0,0,0,0,1,0,0,0,0,0,0,0,0,0,1,0,1,0,0,0,0
653,0.0309,0.1452,10,0.79,3.23,2,24,12,0,0,0,0,4,0.0,1,0,0,0,0,1,1,0,0,0,0,0,0,0,1,0,1,0,0,0,0,0
654,0.0347,0.0783,8,0.83,0.83,5,4,1,1,0,1,0,0,0.0,0,0,0,0,0,1,0,1,0,0,0,0,0,0,1,0,0,0,0,0,0,0
655,0.0709,0.1946999999999999,46,1.42,3.58,3,9,10,0,0,0,0,0,15.0,1,0,0,1,0,0,1,0,0,0,0,0,1,0,0,0,0,0,0,1,0,0
656,0.0308,0.0906,49,1.18,1.45,6,13,4,0,0,1,0,1,15.0,0,1,0,0,1,0,0,1,0,1,0,0,0,0,0,0,0,0,0,0,1,0
657,0.0262,0.1013999999999999,27,0.58,2.01,5,22,2,0,1,1,0,3,,0,1,0,0,1,0,0,1,0,0,0,0,0,0,1,0,1,0,0,0,0,0
658,0.1016,0.1785,58,0.51,11.89,0,21,7,0,0,0,0,1,15.0,1,0,1,0,0,0,0,0,1,0,1,0,0,0,0,0,0,0,0,1,0,0
659,0.1014,0.2703,46,1.66,3.69,6,5,10,1,0,1,0,1,5.0,0,1,1,0,0,0,1,0,1,0,0,0,1,0,0,0,0,0,0,0,1,0
660,0.0595,0.1122,19,0.52,4.33,1,15,7,0,0,0,0,2,,1,0,0,0,0,0,0,0,0,1,0,0,0,0,0,0,0,0,1,0,0,0
661,0.0955,0.2439,17,0.46,8.31,4,10,1,0,0,0,0,0,,0,1,0,0,0,0,1,0,1,0,0,0,0,0,0,1,0,0,0,0,0,1
662,0.0661,0.1356,12,0.56,4.37,0,21,7,0,0,0,0,1,0.0,0,0,0,1,0,0,0,0,0,1,0,0,0,0,0,0,0,0,0,0,0,0
663,0.0779,0.18,14,0.33,9.51,5,22,11,0,0,1,0,2,0.0,1,0,0,1,0,0,0,0,1,0,1,0,0,0,0,0,0,0,1,0,0,0
664,0.0397,0.1491,10,0.91,0.57,2,16,4,0,0,0,0,3,0.0,0,1,0,0,0,0,1,0,0,0,0,0,1,0,0,0,0,1,0,0,0,0
665,0.0783,0.1506,47,0.99,3.49,5,8,11,0,0,1,0,0,5.0,0,0,0,1,0,0,0,0,0,0,0,0,0,0,1,0,1,0,0,0,0,0
666,0.0397,0.1788,29,0.37,6.87,0,28,4,0,1,0,0,3,,1,0,0,0,0,0,1,0,0,0,0,1,0,0,0,0,0,0,0,1,0,0
667,0.0299,0.0711,22,0.93,-0.12,6,14,9,0,0,1,0,3,,1,0,0,0,0,0,0,1,0,0,0,0,0,0,0,0,0,0,0,0,0,1
668,0.1295,0.2256,44,0.59,12.57,2,29,10,0,1,0,0,0,5.0,0,0,0,0,1,0,0,0,1,0,0,0,0,1,0,0,0,0,0,0,0,0
669,0.0484,0.1188,29,0.27,12.6,5,1,3,1,0,1,0,2,,1,0,0,0,1,0,0,0,0,0,1,0,0,0,0,0,1,0,0,0,0,0
670,0.0526,0.0735,25,0.54,0.65,0,22,9,0,0,0,0,0,,1,0,0,1,0,0,1,1,0,0,0,0,0,0,0,1,0,1,0,0,0,0
671,0.1051,0.183,50,0.94,3.91,6,7,12,1,0,1,0,2,15.0,1,0,0,0,1,0,0,0,1,0,0,0,1,0,0,0,0,0,0,0,0,1
672,0.0346,0.1232999999999999,41,0.21,14.5,6,11,5,0,0,1,0,3,5.0,0,1,0,0,0,0,1,0,0,0,1,0,0,0,0,0,0,0,0,1,0,0
673,0.0593,0.1599,73,0.53,5.78,3,2,10,1,0,0,0,2,50.0,1,0,0,0,0,0,1,0,0,1,0,0,0,0,0,0,0,0,0,0,1,0
674,0.0504,0.1977,49,0.92,6.52,0,16,6,0,0,0,0,3,5.0,0,0,0,0,1,0,1,0,0,0,0,0,0,0,0,0,0,0,0,0,0,0
675,0.0601,0.1914,12,0.72,3.41,4,20,6,0,0,0,0,3,0.0,1,0,0,0,1,0,0,0,1,0,0,1,0,0,0,0,0,1,0,0,0,0
676,0.1189,0.2463,48,0.55,13.41,1,28,1,0,1,0,0,0,5.0,0,1,0,1,0,0,0,0,1,0,0,1,0,0,0,0,0,0,0,0,0,1
677,0.0172,0.0993,15,0.51,0.5,6,1,6,1,0,1,0,4,,0,0,0,1,0,0,0,1,0,1,0,0,0,0,0,0,0,1,0,0,0,0
678,0.0545,0.1638,42,0.66,5.04,1,8,4,0,0,0,0,2,5.0,1,0,1,0,0,0,1,0,0,0,0,0,0,0,1,0,1,0,0,0,0,0
679,0.134,0.2865,28,1.71,0.94,6,9,2,0,0,1,0,1,,1,0,0,1,0,0,1,0,1,0,0,0,1,0,0,0,0,0,1,0,0,0
680,0.0397,0.0776999999999999,22,0.38,3.21,3,25,12,0,1,0,1,0,,0,1,1,0,0,0,0,1,0,0,1,0,0,0,0,0,0,0,0,0,1,0
681,0.0629,0.1383,55,0.41,8.62,5,22,3,0,0,1,0,2,15.0,1,0,0,1,0,0,1,0,0,0,1,0,0,0,0,0,0,0,0,1,0,0
682,0.0786,0.2004,10,1.45,0.81,5,26,4,0,1,1,0,2,0.0,1,0,0,0,1,0,0,0,1,0,0,0,0,0,0,0,0,0,0,0,1,0
683,0.0868,0.2559,41,0.4,21.1,5,1,11,1,0,1,0,0,5.0,0,1,0,0,1,0,1,0,1,0,1,0,0,0,0,0,1,0,0,0,0,0
684,0.0266,0.1257,43,0.89,0.55,3,23,1,0,0,0,0,3,5.0,0,1,0,0,0,1,1,1,0,0,0,0,0,0,0,1,0,0,1,0,0,0
685,0.0514,0.0728999999999999,35,0.46,1.28,5,15,3,0,0,1,0,1,5.0,1,0,0,0,0,1,1,1,0,0,0,0,0,0,0,1,0,1,0,0,0,0
686,0.0507,0.1944,49,1.0,3.22,1,11,11,0,0,0,1,3,5.0,1,0,0,0,0,1,0,0,0,0,0,0,0,0,0,1,0,0,0,0,0,1
687,0.0692,0.2031,21,0.57,1.51,2,26,3,0,1,0,0,1,,0,1,0,0,0,0,1,0,1,0,0,0,0,1,0,0,0,1,0,0,0,0
688,0.0451,0.0795,8,0.95,1.18,1,4,2,1,0,0,0,1,0.0,1,0,0,0,1,0,0,1,0,0,0,0,0,0,0,1,0,0,1,0,0,0
689,0.0366,0.0927,5,0.24,10.57,3,30,1,0,1,0,0,1,0.0,0,0,0,0,0,1,0,1,0,0,1,0,0,0,0,0,0,0,0,0,0,1
690,0.0498,0.1803,24,0.69,3.43,0,10,2,0,0,0,0,3,,0,0,0,0,1,0,1,0,0,0,0,0,0,0,1,0,0,0,0,1,0,0
691,0.0551,0.1551,12,0.62,2.37,0,1,9,1,0,0,0,4,0.0,0,0,0,1,0,0,0,0,1,1,0,0,0,0,0,0,0,0,0,0,1,0
692,0.0234,0.1161,11,0.45,2.38,1,15,7,0,0,0,0,4,0.0,0,0,0,1,0,0,1,1,0,0,0,0,0,0,1,0,1,0,0,0,0,0
693,0.0833,0.1353,19,0.91,2.67,3,9,10,0,0,0,0,0,,0,0,1,0,0,0,1,0,0,0,0,0,0,0,0,1,0,0,0,0,0,1
694,0.0273,0.1281,6,1.35,0.41,4,18,4,0,0,0,1,4,0.0,1,0,1,0,0,0,1,1,0,0,0,0,0,0,0,0,0,0,0,0,0,1
695,0.068,0.1278,9,0.93,1.22,2,3,9,1,0,0,0,0,0.0,0,0,1,0,0,0,0,0,0,0,0,0,0,0,0,1,0,0,0,1,0,0
696,0.0423,0.081,6,1.8,-0.04,4,13,6,0,0,0,0,1,0.0,0,0,0,1,0,0,0,1,0,0,0,0,1,0,0,0,0,0,0,1,0,0
697,0.0933,0.2112,37,0.53,2.67,1,23,9,0,0,0,0,0,5.0,0,1,0,0,0,1,1,0,1,1,0,0,0,0,0,0,0,0,0,0,1,0
698,0.0715,0.2604,19,0.32,10.21,4,19,12,0,0,0,0,3,,0,1,0,0,0,0,0,0,1,0,0,0,0,1,0,0,1,0,0,0,0,0
699,0.0571,0.2169,29,1.51,0.45,5,5,4,1,0,1,0,4,,1,0,0,0,0,0,1,0,1,0,0,0,1,0,0,0,0,0,0,0,0,1
700,0.0861,0.2744999999999999,16,0.91,4.79,2,25,6,0,1,0,0,2,,0,1,0,0,1,0,0,0,1,0,0,0,0,0,0,1,0,0,1,0,0,0
701,0.0212,0.1278,7,0.49,0.79,6,14,9,0,0,1,0,3,0.0,0,0,0,0,0,0,0,1,0,0,0,0,0,1,0,0,1,0,0,0,0,0
702,0.0234,0.1107,27,0.32,9.88,2,8,1,0,0,0,0,4,,1,0,0,1,0,0,1,1,0,0,1,0,0,0,0,0,0,0,1,0,0,0
703,0.0484,0.1407,31,1.01,1.95,1,18,3,0,0,0,0,3,5.0,0,0,0,0,1,0,1,0,0,0,0,0,0,0,0,1,0,0,1,0,0,0
704,0.0282,0.0753,43,1.04,-0.03,3,8,5,0,0,0,0,2,5.0,0,1,0,0,0,0,1,1,0,0,0,0,0,0,0,0,0,0,0,0,0,1
705,0.0469,0.1026,63,1.01,2.24,6,4,5,1,0,1,0,0,50.0,0,0,0,0,0,0,1,1,0,0,0,0,0,0,0,1,0,0,1,0,0,0
706,0.0526,0.0917999999999999,18,0.89,2.27,2,5,3,1,0,0,0,1,,1,0,0,1,0,0,0,1,0,1,0,0,0,0,0,0,0,0,0,0,0,0
707,0.0759,0.27,30,1.0,6.01,1,30,12,0,1,0,0,2,5.0,1,0,0,0,0,1,0,0,1,1,0,0,0,0,0,0,0,0,0,1,0,0
708,0.0311,0.1268999999999999,43,0.42,4.74,3,1,5,1,0,0,0,4,5.0,0,1,0,0,0,1,1,0,0,0,0,0,0,0,1,0,0,0,0,0,0,0
709,0.0813,0.1989,47,0.5,11.42,1,23,9,0,0,0,0,2,5.0,1,0,1,0,0,0,0,0,1,0,0,0,0,1,0,0,1,0,0,0,0,0
710,0.1189,0.2208,30,1.99,2.19,6,21,9,0,0,1,0,0,,0,0,0,1,0,0,1,0,1,0,0,0,1,0,0,0,0,0,0,1,0,0
711,0.0617,0.2409,8,1.09,5.55,0,8,12,0,0,0,0,3,0.0,0,0,0,1,0,0,1,0,1,0,0,0,0,0,0,1,0,0,1,0,0,0
712,0.167,0.2796,63,1.12,5.73,0,19,5,0,0,0,0,0,15.0,1,0,0,0,0,0,1,0,1,1,0,0,0,0,0,0,0,0,0,0,0,1
713,0.0422,0.1338,63,0.54,7.51,6,7,12,1,0,1,0,3,15.0,1,0,0,0,0,0,0,0,0,1,0,0,0,0,0,0,1,0,0,0,0,0
714,0.0244,0.0996,6,0.7,2.38,6,23,11,0,0,1,0,4,0.0,0,0,0,1,0,0,0,1,0,0,0,0,0,0,0,1,0,0,0,0,1,0
715,0.0321,0.1668,23,0.82,5.75,3,12,6,0,0,0,0,4,,0,0,0,0,0,1,0,0,0,0,0,0,1,0,0,0,0,1,0,0,0,0
716,0.1261,0.2769,35,0.99,9.1,5,29,3,0,1,1,0,0,5.0,0,0,0,0,0,0,0,0,1,0,0,0,1,0,0,0,1,0,0,0,0,0
717,0.0875,0.1881,57,1.99,1.26,5,8,3,0,0,1,0,0,15.0,1,0,0,0,1,0,0,0,0,0,0,0,1,0,0,0,0,0,0,0,0,0
718,0.0998,0.1794,42,0.65,2.29,6,9,11,0,0,1,0,2,5.0,1,0,0,0,1,0,1,0,1,0,0,0,0,0,0,1,0,0,1,0,0,0
719,0.0431,0.1701,36,0.57,5.94,0,10,11,0,0,0,0,4,5.0,1,0,0,0,1,0,0,0,0,0,0,1,0,0,0,0,1,0,0,0,0,0
720,0.0283,0.0972,12,0.6,1.66,3,9,1,0,0,0,0,2,0.0,0,0,1,0,0,0,0,1,0,0,0,1,0,0,0,0,0,0,1,0,0,0
721,0.0656,0.2688,61,0.74,6.83,1,5,8,1,0,0,0,4,50.0,0,0,0,0,0,1,1,0,1,0,0,0,0,0,0,0,0,0,0,0,0,0
722,0.0179,0.0873,41,0.74,0.08,1,21,1,0,0,0,0,4,5.0,0,0,0,1,0,0,1,1,0,0,0,1,0,0,0,0,0,0,0,0,1,0
723,0.0273,0.1224,74,0.67,4.69,0,7,4,1,0,0,0,3,50.0,0,0,0,0,0,0,1,1,0,1,0,0,0,0,0,0,1,0,0,0,0,0
724,0.0328,0.0795,11,0.95,0.76,3,26,6,0,1,0,0,3,0.0,1,0,0,0,0,0,0,1,0,0,0,0,0,0,1,0,0,0,0,0,0,0
725,0.0232,0.1248,40,1.19,-0.08,2,17,12,0,0,0,0,3,5.0,1,0,0,1,0,0,0,1,0,0,0,0,0,0,0,0,0,0,0,1,0,0
726,0.1087,0.1698,7,0.49,4.99,1,5,8,1,0,0,0,0,0.0,0,1,0,1,0,0,0,0,1,0,1,0,0,0,0,0,0,0,0,0,1,0
727,0.0387,0.1089,57,1.21,0.61,0,30,6,0,1,0,0,1,15.0,0,1,0,0,1,0,0,1,0,0,0,0,0,0,0,0,0,1,0,0,0,0
728,0.0599,0.207,78,0.31,24.38,4,7,11,1,0,0,0,4,50.0,1,0,1,0,0,0,1,0,1,0,0,1,0,0,0,0,0,0,1,0,0,0
729,0.0312,0.1875,15,0.77,4.8,5,8,3,0,0,1,0,4,0.0,1,0,1,0,0,0,0,0,0,1,0,0,0,0,0,0,0,0,1,0,0,0
730,0.0538,0.1883999999999999,13,0.56,4.73,5,11,1,0,0,1,0,1,0.0,0,0,0,0,1,0,0,0,0,0,0,0,0,0,0,1,0,0,0,1,0,0
731,0.061,0.2499,44,0.45,18.86,2,3,9,1,0,0,0,3,5.0,1,0,0,1,0,0,0,0,1,0,0,0,0,0,1,0,0,0,0,0,0,0
732,0.0906,0.1173,7,0.26,11.79,2,3,12,1,0,0,0,1,0.0,1,0,1,0,0,0,1,0,0,0,0,0,0,1,0,0,0,1,0,0,0,0
733,0.0324,0.0888,15,0.59,1.13,1,30,12,0,1,0,0,2,,0,0,0,0,1,0,1,1,0,0,0,0,0,1,0,0,0,0,1,0,0,0
734,0.1491,0.1698,48,0.51,3.4,4,24,10,0,0,0,0,0,15.0,1,0,1,0,0,0,1,0,1,0,0,0,0,0,0,1,0,1,0,0,0,0
735,0.0324,0.0837,20,0.6,1.11,1,18,11,0,0,0,0,2,,1,0,0,1,0,0,1,1,0,0,0,0,0,0,1,0,0,0,0,0,0,0
736,0.0714,0.1581,42,0.8,4.71,0,20,1,0,0,0,0,0,5.0,0,1,1,0,0,0,1,0,0,1,0,0,0,0,0,0,0,1,0,0,0,0
737,0.101,0.1245,10,0.79,1.94,4,5,9,1,0,0,0,0,0.0,1,0,0,0,1,0,1,0,0,0,0,0,0,0,1,0,0,0,1,0,0,0
738,0.0993,0.1908,19,0.43,6.41,6,9,3,0,0,1,0,1,,1,0,1,0,0,0,1,0,1,0,0,0,0,1,0,0,0,0,0,0,0,1
739,0.0771,0.1683,43,0.5,2.3,2,26,2,0,1,0,0,0,5.0,1,0,0,0,1,0,1,0,0,0,0,0,0,1,0,0,0,0,0,0,0,0
740,0.0367,0.1101,42,1.82,0.68,3,30,10,0,1,0,0,1,5.0,1,0,0,0,1,0,0,1,0,0,0,0,1,0,0,0,0,0,0,0,0,1
741,0.1394,0.2204999999999999,17,0.94,4.69,6,7,12,1,0,1,0,1,,1,0,1,0,0,0,1,0,1,0,0,0,0,0,1,0,1,0,0,0,0,0
742,0.0501,0.1776,5,1.4,1.5,5,15,11,0,0,1,0,2,0.0,1,0,0,1,0,0,0,0,0,0,0,0,0,0,0,0,0,0,0,0,0,0
743,0.1011,0.2661,26,1.22,0.88,2,17,12,0,0,0,0,0,,0,1,0,0,1,0,0,0,1,0,0,0,0,0,0,0,0,0,0,0,1,0
744,0.0209,0.1221,45,0.84,2.45,4,22,8,0,0,0,0,4,5.0,0,1,0,0,1,0,0,1,0,0,0,0,0,0,1,0,0,0,0,1,0,0
745,0.0211,0.072,15,0.91,1.47,4,19,12,0,0,0,0,3,0.0,0,0,0,0,1,0,1,1,0,0,0,0,0,0,0,1,0,0,0,0,0,1
746,0.0581,0.1845,42,0.39,7.14,3,6,11,1,0,0,0,1,5.0,0,0,0,0,1,0,0,0,0,0,1,0,0,0,0,0,0,0,0,1,0,0
747,0.0235,0.096,30,0.44,3.75,5,25,10,0,1,1,0,3,,0,0,0,0,1,0,0,1,0,0,0,0,0,1,0,0,0,0,0,0,0,1
748,0.0509,0.2556,76,0.63,9.76,1,29,4,0,1,0,0,4,50.0,0,0,0,0,1,0,1,0,1,0,0,0,0,0,0,0,1,0,0,0,0,0
749,0.0328,0.1272,66,0.41,2.01,1,19,8,0,0,0,0,2,15.0,1,0,0,0,0,1,0,1,0,0,0,0,0,0,1,0,0,0,0,0,0,1
750,0.0405,0.09,8,0.42,1.51,3,25,9,0,1,0,0,1,0.0,0,0,1,0,0,0,1,1,0,0,1,0,0,0,0,0,0,0,0,1,0,0
751,0.0449,0.1032,17,0.51,5.07,4,28,11,0,1,0,0,0,,0,1,0,0,1,0,1,1,0,0,1,0,0,0,0,0,0,0,0,0,1,0
752,0.0276,0.1139999999999999,9,1.09,0.95,6,29,6,0,1,1,0,2,0.0,0,0,0,0,1,0,1,1,0,1,0,0,0,0,0,0,0,0,0,1,0,0
753,0.0477,0.1158,7,0.7,1.15,6,27,4,0,1,1,0,3,0.0,1,0,0,0,0,0,0,0,0,0,0,0,0,0,1,0,0,0,1,0,0,0
754,0.0208,0.0759,12,0.41,0.59,5,8,2,0,0,1,0,3,0.0,0,1,0,0,0,1,1,1,0,0,0,1,0,0,0,0,0,0,0,0,0,0
755,0.0534,0.1332,55,0.99,2.02,2,16,7,0,0,0,0,1,15.0,0,0,0,0,0,1,1,0,0,1,0,0,0,0,0,0,0,0,1,0,0,0
756,0.0643,0.1434,21,0.3,6.75,1,25,3,0,1,0,0,0,,0,0,0,1,0,0,0,0,0,0,0,0,0,1,0,0,0,0,0,0,0,1
757,0.0893,0.2742,50,1.33,2.01,5,24,5,0,0,1,0,2,5.0,1,0,0,0,0,1,1,0,1,0,0,0,0,0,0,0,1,0,0,0,0,0
758,0.0332,0.0705,8,1.2,0.5,4,19,12,0,0,0,0,3,0.0,1,0,0,1,0,0,0,1,0,1,0,0,0,0,0,0,0,0,0,0,1,0
759,0.0228,0.0987,8,0.77,0.63,5,17,5,0,0,1,0,2,0.0,0,1,1,0,0,0,0,1,0,0,0,0,0,0,0,0,0,0,1,0,0,0
760,0.0305,0.123,15,0.5,3.29,2,2,7,1,0,0,0,2,,0,1,0,1,0,0,0,1,0,0,1,0,0,0,0,0,1,0,0,0,0,0
761,0.0845,0.174,37,0.34,3.69,5,29,11,0,1,1,0,1,5.0,0,1,0,0,0,1,0,0,1,0,0,0,0,1,0,0,0,0,0,0,1,0
762,0.0223,0.1281,19,0.55,3.24,5,25,10,0,1,1,0,4,,0,0,0,0,0,1,1,1,0,0,0,1,0,0,0,0,0,0,1,0,0,0
763,0.0502,0.2307,11,0.96,2.63,6,22,6,0,0,1,0,4,0.0,0,0,1,0,0,0,1,0,1,1,0,0,0,0,0,0,0,0,0,0,1,0
764,0.0359,0.1164,15,0.29,2.83,5,19,7,0,0,1,0,2,0.0,0,0,0,1,0,0,0,1,0,0,1,0,0,0,0,0,0,0,0,1,0,0
765,0.0647,0.1869,13,0.51,1.58,6,23,3,0,0,1,0,0,0.0,0,0,0,0,0,0,1,0,0,1,0,0,0,0,0,0,0,0,0,0,0,1
766,0.0323,0.0935999999999999,15,1.73,-0.45,4,18,7,0,0,0,0,2,0.0,0,1,0,0,0,0,1,1,0,0,0,0,1,0,0,0,0,0,0,0,1,0
767,0.1022,0.2744999999999999,11,0.61,8.38,5,12,4,0,0,1,0,1,0.0,0,1,1,0,0,0,1,0,1,1,0,0,0,0,0,0,0,0,0,0,0,1
768,0.104,0.1734,49,0.54,1.49,6,19,1,0,0,1,0,0,15.0,0,0,0,0,0,0,1,0,1,0,0,0,0,0,1,0,0,0,0,0,0,0
769,0.0656,0.138,47,0.45,8.9,4,8,8,0,0,0,0,2,5.0,1,0,0,0,0,1,0,0,0,0,0,0,0,1,0,0,0,0,0,0,0,0
770,0.093,0.2349,51,1.69,1.25,6,29,6,0,1,1,0,0,15.0,0,0,0,1,0,0,1,0,1,0,0,0,1,0,0,0,0,0,0,0,0,1
771,0.0403,0.0801,12,0.43,0.5,0,25,8,0,1,0,0,0,0.0,0,1,0,0,0,1,0,1,0,0,1,0,0,0,0,0,0,0,0,0,0,0
772,0.0639,0.2385,30,0.96,2.42,1,23,12,0,0,0,0,4,5.0,0,0,1,0,0,0,0,0,1,0,0,0,0,0,0,1,1,0,0,0,0,0
773,0.0416,0.18,58,0.48,4.29,2,17,12,0,0,0,0,2,50.0,0,1,0,0,0,0,1,0,0,0,0,0,0,0,1,0,0,0,0,1,0,0
774,0.0314,0.1248,28,1.26,2.21,2,10,9,0,0,0,0,4,,1,0,0,0,0,1,0,0,0,0,0,0,0,0,0,0,0,0,0,0,0,0
775,0.0452,0.1242,15,0.67,3.47,3,10,7,0,0,0,0,0,0.0,0,1,1,0,0,0,1,1,0,0,0,0,0,0,1,0,0,0,0,0,1,0
776,0.1003,0.2316,34,0.93,7.84,3,24,4,0,1,0,0,2,5.0,1,0,1,0,0,0,0,0,1,0,0,0,0,0,1,0,0,0,0,0,0,1
777,0.0232,0.1047,11,0.86,1.94,6,5,1,1,0,1,0,2,0.0,0,1,1,0,0,0,1,1,0,1,0,0,0,0,0,0,0,0,0,0,1,0
778,0.0355,0.0984,21,0.51,0.44,6,17,8,0,0,1,0,1,,0,0,1,0,0,0,0,1,0,0,0,0,0,0,0,1,0,0,0,0,0,0
779,0.0304,0.138,74,0.66,5.84,6,9,11,0,0,1,0,4,50.0,0,1,0,0,0,1,0,0,0,0,0,0,0,0,1,0,1,0,0,0,0,0
780,0.0212,0.1209,26,0.71,4.12,2,10,12,0,0,0,0,4,,0,1,1,0,0,0,1,1,0,1,0,0,0,0,0,0,0,0,0,0,0,0
781,0.032,0.099,22,1.81,-0.2,5,12,4,0,0,1,0,1,,0,1,0,0,1,0,1,1,0,0,0,0,1,0,0,0,1,0,0,0,0,0
782,0.0503,0.2355,66,0.51,8.42,4,17,10,0,0,0,0,4,15.0,0,0,0,0,1,0,1,0,1,1,0,0,0,0,0,0,0,0,0,0,1,0
783,0.0666,0.174,17,0.44,4.76,6,9,2,0,0,1,0,4,,1,0,0,0,0,0,0,0,1,0,1,0,0,0,0,0,0,1,0,0,0,0
784,0.0561,0.1734,88,0.45,9.49,2,16,7,0,0,0,0,0,50.0,0,1,0,0,1,0,1,0,0,0,1,0,0,0,0,0,0,0,0,0,0,0
785,0.0898,0.258,13,1.19,4.81,3,25,9,0,1,0,0,2,0.0,0,0,0,1,0,0,1,0,1,0,0,0,0,0,0,0,0,0,0,1,0,0
786,0.0683,0.1545,65,0.27,6.65,0,28,7,0,1,0,0,3,50.0,0,0,0,1,0,0,0,0,1,0,0,0,0,1,0,0,0,0,0,0,1,0
787,0.0294,0.1908,13,0.34,12.98,1,25,11,0,1,0,0,4,0.0,0,0,0,0,0,0,0,0,0,0,0,0,0,1,0,0,0,0,1,0,0,0
788,0.0525,0.0855,16,0.31,7.99,6,16,3,0,0,1,0,1,,1,0,0,0,0,1,0,1,0,0,1,0,0,0,0,0,1,0,0,0,0,0
789,0.0415,0.1755,22,1.97,1.26,0,21,4,0,0,0,0,2,,0,0,0,0,0,1,1,0,0,0,0,0,1,0,0,0,0,0,0,0,0,0
790,0.098,0.2211,70,0.65,11.79,3,5,6,1,0,0,0,1,50.0,0,1,1,0,0,0,1,0,1,0,0,1,0,0,0,0,0,1,0,0,0,0
791,0.0202,0.0741,30,0.55,1.11,6,17,8,0,0,1,0,4,,0,1,0,0,1,0,1,1,0,0,0,1,0,0,0,0,0,0,0,1,0,0
792,0.0889,0.1878,42,0.25,24.48,2,9,4,0,0,0,0,0,5.0,0,1,0,0,1,0,1,0,1,0,0,0,0,1,0,0,1,0,0,0,0,0
793,0.038,0.1926,26,1.95,0.47,0,15,9,0,0,0,0,3,,0,1,0,0,0,0,1,0,0,0,0,0,1,0,0,0,1,0,0,0,0,0
794,0.0333,0.1064999999999999,8,1.99,0.17,5,28,6,0,1,1,0,3,0.0,1,0,0,0,0,1,0,1,0,0,0,0,1,0,0,0,0,0,0,1,0,0
795,0.0244,0.0795,21,0.57,0.02,2,18,6,0,0,0,0,3,,0,0,0,0,1,0,0,1,0,0,0,0,0,0,1,0,0,0,1,0,0,0
796,0.0807,0.1641,12,0.45,3.3,0,6,1,1,0,0,0,0,0.0,0,0,0,0,0,1,0,0,0,0,0,0,0,1,0,0,0,0,1,0,0,0
797,0.1429,0.1926,26,1.31,3.07,1,14,10,0,0,0,0,1,,1,0,0,0,1,0,1,0,1,0,0,0,1,0,0,0,0,0,0,0,0,1
798,0.0563,0.1059,30,0.41,1.85,4,5,12,1,0,0,0,0,5.0,1,0,0,0,0,0,1,1,0,0,0,0,0,1,0,0,0,0,1,0,0,0
799,0.1301,0.2703,74,0.57,16.9,2,19,11,0,0,0,0,0,50.0,1,0,0,0,0,0,1,0,1,0,0,0,0,1,0,0,1,0,0,0,0,0
800,0.0458,0.1953,11,1.93,1.95,6,20,4,0,0,1,0,3,0.0,0,0,0,0,0,0,0,0,0,0,0,0,1,0,0,0,0,0,1,0,0,0
801,0.0829,0.1533,60,1.55,0.16,1,6,5,1,0,0,0,0,50.0,0,1,0,0,0,0,0,0,1,0,0,0,1,0,0,0,1,0,0,0,0,0
802,0.105,0.1644,15,0.52,1.66,2,24,9,0,1,0,0,0,,1,0,0,1,0,0,0,0,0,0,0,0,0,1,0,0,0,0,0,1,0,0
803,0.0572,0.1938,53,0.39,15.97,0,6,1,1,0,0,0,2,15.0,1,0,0,0,0,0,0,0,0,0,0,0,0,1,0,0,0,0,1,0,0,0
804,0.0225,0.0891,35,0.45,0.46,5,1,11,1,0,1,0,4,5.0,1,0,0,0,1,0,0,1,0,0,1,0,0,0,0,0,0,0,0,1,0,0
805,0.0925,0.2403,59,0.8,7.7,0,12,5,0,0,0,0,1,15.0,0,0,0,0,0,0,1,0,1,0,0,0,0,0,0,1,0,0,0,0,1,0
806,0.0306,0.0828,11,0.71,0.35,2,29,10,0,1,0,0,0,0.0,0,1,1,0,0,0,1,1,0,0,0,1,0,0,0,0,0,0,1,0,0,0
807,0.0926,0.1659,27,0.46,7.56,3,14,8,0,0,0,0,0,,1,0,0,0,1,0,0,0,0,0,0,0,0,0,0,1,0,0,1,0,0,0
808,0.0414,0.0972,35,0.6,4.46,0,25,8,0,1,0,0,0,5.0,0,1,0,0,0,0,0,1,0,0,0,0,0,1,0,0,0,0,0,0,1,0
809,0.0436,0.1143,24,0.73,4.09,3,16,10,0,0,0,0,0,,0,1,0,1,0,0,1,1,0,0,0,0,0,0,0,1,0,0,1,0,0,0
810,0.059,0.1185,10,0.96,0.24,1,1,4,1,0,0,0,0,0.0,0,0,0,1,0,0,0,0,0,0,0,0,0,0,0,0,0,0,0,0,1,0
811,0.0478,0.1871999999999999,50,0.53,7.36,3,1,5,1,0,0,0,3,15.0,0,0,0,0,1,0,1,0,0,0,0,1,0,0,0,0,0,0,0,1,0,0
812,0.0399,0.0819,7,0.21,8.5,2,16,4,0,0,0,0,1,0.0,0,0,0,0,0,0,0,1,0,0,1,0,0,0,0,0,0,0,0,0,0,1
813,0.0309,0.1092,29,0.97,1.34,3,19,6,0,0,0,0,2,,0,0,0,1,0,0,0,1,0,0,0,0,0,0,0,0,0,0,0,0,0,0
814,0.0436,0.0906,8,0.4,3.04,2,5,11,1,0,0,0,0,0.0,0,0,1,0,0,0,0,1,0,0,0,0,0,1,0,0,0,1,0,0,0,0
815,0.1299,0.2537999999999999,6,1.09,4.46,1,3,6,1,0,0,0,0,0.0,0,0,0,0,0,0,0,0,1,1,0,0,0,0,0,0,1,0,0,0,0,0
816,0.0327,0.1185,12,0.52,2.05,6,23,3,0,0,1,0,4,0.0,0,0,0,0,1,0,0,0,0,0,0,0,0,0,1,0,0,0,0,1,0,0
817,0.0305,0.1923,12,0.3,8.4,6,16,11,0,0,1,0,4,0.0,0,0,0,1,0,0,0,0,0,0,1,0,0,0,0,0,0,0,0,0,0,0
818,0.021,0.0728999999999999,11,1.17,0.36,5,29,11,0,1,1,0,3,0.0,0,0,0,0,1,0,1,1,0,0,0,0,1,0,0,0,0,1,0,0,0,0
819,0.1129,0.1635,70,1.94,-0.28,0,15,9,0,0,0,0,1,15.0,1,0,0,1,0,0,1,0,1,0,0,0,1,0,0,0,0,0,0,1,0,0
820,0.0523,0.1926,46,0.64,6.24,3,27,3,0,1,0,0,4,5.0,1,0,0,0,0,1,0,0,1,1,0,0,0,0,0,0,0,0,0,0,0,1
821,0.0881,0.1881,10,0.24,21.7,0,17,2,0,0,0,0,1,0.0,0,1,0,0,0,0,0,0,1,0,1,0,0,0,0,0,0,1,0,0,0,0
822,0.0431,0.1284,17,0.52,5.54,5,22,11,0,0,1,0,0,,0,1,0,1,0,0,1,1,0,1,0,0,0,0,0,0,0,0,0,1,0,0
823,0.0321,0.126,57,0.46,8.85,5,10,5,0,0,1,0,4,15.0,0,1,0,0,1,0,1,0,0,0,0,0,0,0,0,1,1,0,0,0,0,0
824,0.084,0.2714999999999999,79,0.63,11.0,5,31,5,0,1,1,0,0,50.0,0,1,0,1,0,0,0,0,1,0,0,0,0,0,0,0,0,0,0,0,0,1
825,0.0556,0.1881,59,0.87,0.87,4,22,8,0,0,0,0,4,15.0,1,0,0,1,0,0,0,0,1,0,0,0,0,0,0,0,0,0,0,0,0,0
826,0.064,0.1272,40,0.53,0.92,2,2,4,1,0,0,0,0,5.0,0,1,1,0,0,0,1,0,0,0,0,0,0,0,0,1,0,0,0,0,1,0
827,0.0419,0.105,5,0.29,6.09,1,15,4,0,0,0,0,0,0.0,0,1,1,0,0,0,0,1,0,0,0,0,0,1,0,0,0,0,0,0,0,0
828,0.066,0.189,27,1.46,0.38,0,17,2,0,0,0,1,3,,0,1,0,0,0,1,0,0,1,0,0,0,1,0,0,0,0,0,0,0,0,0
829,0.096,0.1797,41,0.64,3.59,0,3,11,1,0,0,0,0,5.0,0,0,1,0,0,0,0,0,1,0,0,1,0,0,0,0,0,0,1,0,0,0
830,0.0351,0.0723,28,0.81,0.35,6,26,1,0,1,1,1,2,,0,0,0,1,0,0,0,1,0,0,0,0,0,0,0,1,1,0,0,0,0,0
831,0.06,0.1119,5,0.79,3.16,6,1,6,1,0,1,0,2,0.0,1,0,0,0,1,0,1,0,0,0,0,0,0,0,1,0,0,0,0,0,0,1
832,0.0488,0.1617,40,1.09,1.11,1,16,9,0,0,0,0,2,5.0,0,1,0,0,0,1,0,0,0,0,0,0,1,0,0,0,0,0,1,0,0,0
833,0.0659,0.2673,39,0.35,18.82,1,14,1,0,0,0,0,4,5.0,1,0,0,0,0,1,0,0,1,0,0,0,0,1,0,0,0,0,0,0,0,1
834,0.0637,0.1407,26,0.51,3.91,4,28,11,0,1,0,0,2,,1,0,0,0,1,0,1,0,0,0,0,0,0,0,1,0,0,0,0,0,0,0
835,0.0181,0.0705,24,0.86,0.53,4,21,3,0,0,0,0,4,,0,0,0,0,1,0,1,1,0,0,0,0,0,0,0,0,0,0,0,0,0,1
836,0.0263,0.1169999999999999,22,0.87,3.17,0,24,11,0,1,0,0,4,,1,0,0,0,0,0,0,1,0,0,0,0,0,0,0,0,0,0,0,1,0,0
837,0.0735,0.2097,46,1.18,4.86,3,20,2,0,0,0,0,2,15.0,0,0,0,1,0,0,1,0,1,0,0,0,0,0,0,0,0,0,1,0,0,0
838,0.0403,0.0746999999999999,23,0.78,0.38,2,13,8,0,0,0,0,1,,1,0,0,0,1,0,0,1,0,0,0,0,0,0,0,0,0,0,1,0,0,0
839,0.0224,0.1124999999999999,25,1.35,-0.21,5,2,8,1,0,1,0,4,,1,0,0,0,1,0,0,1,0,0,0,0,0,0,0,0,0,0,0,0,0,0
840,0.0266,0.0834,37,0.25,2.96,5,31,5,0,1,1,0,2,5.0,0,1,0,0,0,1,1,1,0,0,0,0,0,1,0,0,0,0,0,1,0,0
841,0.0746,0.2166,27,0.99,4.62,3,18,9,0,0,0,0,3,,1,0,0,0,0,1,0,0,1,0,0,0,1,0,0,0,1,0,0,0,0,0
842,0.0524,0.2544,82,0.28,9.28,2,10,12,0,0,0,0,4,50.0,0,0,0,0,1,0,0,0,1,0,0,0,0,1,0,0,0,0,1,0,0,0
843,0.0411,0.1098,81,1.18,2.31,5,2,8,1,0,1,0,2,50.0,0,0,0,0,0,0,0,0,0,1,0,0,0,0,0,0,0,0,0,0,1,0
844,0.0529,0.1749,20,0.39,3.83,6,2,11,1,0,1,0,2,,0,0,0,0,1,0,0,0,0,0,0,0,0,1,0,0,0,0,1,0,0,0
845,0.0925,0.2067,22,1.38,3.0,5,15,3,0,0,1,0,1,,0,0,1,0,0,0,0,0,1,0,0,0,1,0,0,0,0,1,0,0,0,0
846,0.1329,0.2544,49,0.51,8.07,4,1,8,1,0,0,0,0,15.0,0,0,1,0,0,0,1,0,1,0,0,0,0,0,1,0,0,0,0,0,0,0
847,0.0228,0.1115999999999999,30,1.17,-0.25,5,6,12,1,0,1,0,3,5.0,0,0,0,0,0,1,1,1,0,1,0,0,0,0,0,0,0,0,0,1,0,0
848,0.0333,0.1281,8,0.8,3.63,2,3,12,1,0,0,0,4,0.0,0,1,0,0,0,0,0,0,0,0,0,0,0,0,1,0,1,0,0,0,0,0
849,0.0419,0.0728999999999999,31,0.68,0.41,6,10,8,0,0,1,0,0,5.0,0,1,0,0,0,1,0,1,0,0,0,0,0,0,0,1,1,0,0,0,0,0
850,0.0791,0.1863,32,0.88,0.52,4,3,10,1,0,0,0,3,5.0,0,0,0,0,1,0,1,0,1,0,0,0,0,0,0,0,0,0,0,0,0,0
851,0.0472,0.1086,65,1.19,-0.35,5,15,11,0,0,1,0,0,50.0,0,0,0,0,0,1,0,1,0,0,0,0,1,0,0,0,1,0,0,0,0,0
852,0.0801,0.2268,46,0.46,8.26,5,29,3,0,1,1,0,2,5.0,0,1,0,0,0,0,0,0,1,0,0,0,0,0,1,0,1,0,0,0,0,0
853,0.0762,0.2415,22,1.25,2.42,0,24,11,0,1,0,0,2,,0,0,0,0,1,0,0,0,1,0,0,0,1,0,0,0,0,0,0,0,0,0
854,0.0301,0.1011,5,0.47,4.66,5,15,11,0,0,1,0,2,0.0,1,0,1,0,0,0,1,1,0,0,1,0,0,0,0,0,0,0,0,0,1,0
855,0.074,0.186,21,0.93,1.35,3,25,12,0,1,0,1,0,,0,1,0,0,0,0,1,0,0,0,0,0,0,0,0,1,1,0,0,0,0,0
856,0.0237,0.1068,8,1.35,-0.36,4,11,4,0,0,0,0,4,0.0,0,0,1,0,0,0,0,1,0,0,0,0,0,0,0,0,0,0,0,0,0,1
857,0.0594,0.1773,18,1.15,0.31,4,16,5,0,0,0,0,0,,0,1,1,0,0,0,1,0,0,0,0,0,0,0,0,0,0,0,0,1,0,0
858,0.0937,0.1986,80,0.44,14.95,4,28,3,0,1,0,0,2,50.0,0,0,0,0,0,0,0,0,1,0,1,0,0,0,0,0,1,0,0,0,0,0
859,0.1004,0.2249999999999999,22,0.43,11.89,2,3,12,1,0,0,0,1,,0,0,0,1,0,0,1,0,1,0,1,0,0,0,0,0,0,0,0,1,0,0
860,0.0474,0.1227,52,0.76,3.62,6,30,11,0,1,1,0,3,15.0,0,0,1,0,0,0,1,0,0,0,0,1,0,0,0,0,0,0,0,0,0,1
861,0.1277,0.1644,16,0.2,13.34,3,24,7,0,0,0,0,0,,1,0,0,0,1,0,1,0,1,0,1,0,0,0,0,0,0,0,0,0,0,1
862,0.0246,0.0774,20,0.59,1.07,4,7,11,1,0,0,0,3,,0,1,1,0,0,0,1,1,0,0,0,0,0,0,0,1,0,1,0,0,0,0
863,0.0434,0.1785,42,0.3,9.65,2,27,8,0,1,0,0,3,5.0,1,0,0,0,0,0,1,0,0,0,1,0,0,0,0,0,1,0,0,0,0,0
864,0.0172,0.1167,43,0.38,2.94,2,4,6,1,0,0,0,4,5.0,0,0,0,1,0,0,1,1,0,0,0,0,0,1,0,0,0,0,1,0,0,0
865,0.0495,0.1032,50,0.8,3.04,2,30,4,0,1,0,0,0,5.0,0,0,0,0,0,1,1,1,0,0,0,0,0,0,0,0,1,0,0,0,0,0
866,0.0322,0.1164,30,0.62,1.49,0,4,8,1,0,0,0,0,,0,1,1,0,0,0,1,1,0,0,0,0,0,0,0,0,0,1,0,0,0,0
867,0.0438,0.0815999999999999,12,0.87,0.01,2,18,6,0,0,0,0,1,0.0,1,0,0,0,0,1,1,1,0,0,0,0,1,0,0,0,0,1,0,0,0,0
868,0.0986,0.2697,43,0.5,6.74,3,30,10,0,1,0,0,1,5.0,0,0,0,0,1,0,0,0,1,0,0,0,0,1,0,0,0,0,0,0,1,0
869,0.1406,0.2142,30,0.41,14.36,0,15,12,0,0,0,0,0,5.0,1,0,0,0,0,1,0,0,1,0,0,0,0,1,0,0,0,0,0,0,0,1
870,0.0687,0.1785,51,0.27,20.19,2,7,5,1,0,0,0,4,15.0,1,0,0,0,0,1,1,0,1,0,1,0,0,0,0,0,0,0,0,0,0,0
871,0.0654,0.1901999999999999,40,0.85,5.96,0,28,4,0,1,0,0,2,5.0,0,0,0,1,0,0,0,0,1,0,0,0,0,0,0,0,0,0,1,0,0,0
872,0.0814,0.2454,8,0.77,3.08,0,17,3,0,0,0,0,2,0.0,0,0,0,0,1,0,0,0,1,0,0,0,0,0,0,1,0,0,0,0,0,0
873,0.0206,0.1083,10,0.49,1.21,1,7,1,1,0,0,0,4,0.0,0,1,0,0,0,0,1,1,0,0,0,1,0,0,0,0,1,0,0,0,0,0
874,0.0488,0.1683,16,0.46,5.69,3,20,3,0,0,0,0,3,,0,0,0,0,0,0,0,0,0,0,1,0,0,0,0,0,0,0,0,0,1,0
875,0.0755,0.1281,31,0.91,2.82,2,19,11,0,0,0,0,0,5.0,1,0,0,0,0,1,0,0,0,0,0,0,0,0,1,0,0,0,0,0,1,0
876,0.0508,0.1392,6,0.56,0.68,5,25,10,0,1,1,0,1,0.0,0,1,1,0,0,0,0,0,0,0,0,0,0,1,0,0,0,0,0,0,0,0
877,0.0281,0.1059,30,0.87,2.49,6,13,7,0,0,1,0,2,5.0,0,1,0,0,1,0,0,1,0,0,0,0,0,0,0,0,0,0,0,0,0,0
878,0.0652,0.1842,82,0.53,5.65,6,4,5,1,0,1,0,3,50.0,1,0,0,0,0,0,1,0,1,0,0,1,0,0,0,0,0,0,0,1,0,0
879,0.1325,0.2667,46,0.86,5.52,2,19,2,0,0,0,0,0,5.0,0,0,0,0,0,1,0,0,1,1,0,0,0,0,0,0,0,0,0,1,0,0
880,0.0189,0.0861,8,0.46,4.0,1,22,4,0,0,0,0,4,0.0,0,0,0,1,0,0,1,1,0,0,0,1,0,0,0,0,0,0,0,0,1,0
881,0.042,0.096,27,0.57,3.82,6,27,4,0,1,1,0,0,,0,1,0,0,0,1,1,1,0,0,0,0,0,0,1,0,0,0,0,0,0,1
882,0.0511,0.1305,14,0.52,1.26,0,26,5,0,1,0,0,1,0.0,0,0,1,0,0,0,0,0,0,0,0,0,0,1,0,0,0,0,0,0,0,0
883,0.0221,0.1017,12,0.75,3.0,4,5,12,1,0,0,0,4,0.0,0,0,1,0,0,0,1,1,0,0,0,1,0,0,0,0,0,1,0,0,0,0
884,0.0186,0.1064999999999999,14,1.04,0.58,5,8,11,0,0,1,0,4,0.0,1,0,0,0,0,1,1,1,0,0,0,0,0,0,0,1,0,0,0,0,1,0
885,0.0714,0.1608,34,0.69,1.26,4,14,2,0,0,0,0,0,5.0,0,1,0,0,0,0,0,0,0,0,0,1,0,0,0,0,0,0,1,0,0,0
886,0.045,0.1056,8,1.8,0.45,5,5,7,1,0,1,0,0,0.0,1,0,0,0,0,1,0,1,0,0,0,0,1,0,0,0,0,0,0,0,0,0
887,0.0442,0.1329,12,0.46,4.63,0,15,12,0,0,0,0,2,0.0,0,0,1,0,0,0,1,0,0,0,0,0,0,1,0,0,1,0,0,0,0,0
888,0.05,0.135,36,0.66,1.64,2,19,11,0,0,0,0,3,5.0,0,0,1,0,0,0,1,0,0,0,0,0,0,0,0,1,0,0,0,0,0,0
889,0.1313,0.204,55,0.5,4.54,6,17,8,0,0,1,0,0,50.0,0,0,0,0,0,1,1,0,1,0,0,0,0,0,1,0,0,0,0,0,1,0
890,0.0358,0.0795,62,0.38,4.06,2,21,5,0,0,0,0,1,50.0,0,0,0,0,1,0,0,1,0,0,0,0,0,1,0,0,0,0,0,0,0,1
891,0.044,0.1695,39,1.05,0.42,4,30,5,0,1,0,0,3,5.0,0,1,0,0,0,1,0,0,0,1,0,0,0,0,0,0,0,1,0,0,0,0
892,0.05,0.1242,48,0.4,4.14,0,24,2,0,1,0,0,2,5.0,0,0,1,0,0,0,0,0,0,0,0,0,0,1,0,0,1,0,0,0,0,0
893,0.1101,0.2799,23,0.44,13.12,4,12,9,0,0,0,0,1,,0,0,0,0,0,0,0,0,1,0,1,0,0,0,0,0,0,0,1,0,0,0
894,0.0583,0.0876,35,1.1,1.06,1,23,12,0,0,0,0,0,5.0,1,0,0,0,0,0,0,1,0,1,0,0,0,0,0,0,1,0,0,0,0,0
895,0.0434,0.1377,12,0.64,5.41,2,2,4,1,0,0,0,3,0.0,0,1,0,0,0,0,0,0,0,0,0,1,0,0,0,0,0,0,0,1,0,0
896,0.0585,0.1338,25,0.67,0.39,0,24,2,0,1,0,0,0,,0,0,0,1,0,0,1,0,0,0,0,0,0,0,0,1,0,0,1,0,0,0
897,0.0305,0.1232999999999999,8,1.3,-0.05,2,9,4,0,0,0,0,2,0.0,1,0,0,0,0,0,0,1,0,0,0,0,0,0,0,0,1,0,0,0,0,0
898,0.0307,0.0939,8,1.01,0.65,4,5,9,1,0,0,0,2,0.0,1,0,1,0,0,0,0,1,0,0,0,0,0,0,0,0,0,0,0,0,0,0
899,0.0533,0.1248,10,1.0,0.8,4,3,10,1,0,0,0,1,0.0,0,1,0,0,0,0,0,0,0,0,0,0,1,0,0,0,0,0,0,0,1,0
900,0.0168,0.0687,15,0.3,2.14,0,13,10,0,0,0,0,4,0.0,0,1,1,0,0,0,1,1,0,0,0,0,0,1,0,0,0,0,1,0,0,0
901,0.0645,0.1623,30,0.28,14.81,4,13,6,0,0,0,0,0,,0,0,0,0,0,1,0,0,0,0,1,0,0,0,0,0,0,0,0,0,1,0
902,0.1015,0.1965,32,0.54,9.05,1,14,10,0,0,0,0,1,5.0,0,0,0,0,1,0,0,0,1,0,0,0,0,1,0,0,1,0,0,0,0,0
903,0.0403,0.1923,38,0.5,1.75,6,22,6,0,0,1,0,3,5.0,1,0,0,0,1,0,0,0,0,0,0,0,0,1,0,0,0,0,0,0,0,0
904,0.0363,0.1416,48,0.91,4.67,2,22,1,0,0,0,0,3,15.0,0,0,0,0,0,1,1,0,0,0,0,0,0,0,0,1,0,0,1,0,0,0
905,0.0498,0.1143,13,0.7,2.06,2,8,10,0,0,0,0,2,0.0,1,0,0,1,0,0,0,0,0,0,0,0,0,0,0,1,1,0,0,0,0,0
906,0.0621,0.1743,7,0.32,15.37,3,3,7,1,0,0,0,0,0.0,0,0,0,0,0,0,1,0,0,0,1,0,0,0,0,0,1,0,0,0,0,0
907,0.0778,0.1944,27,1.4,3.39,3,11,9,0,0,0,0,2,,0,1,0,0,1,0,1,0,1,0,0,0,1,0,0,0,0,0,0,0,0,1
908,0.0474,0.1488,20,0.52,2.49,5,22,11,0,0,1,0,3,,0,0,0,0,1,0,1,0,0,1,0,0,0,0,0,0,0,1,0,0,0,0
909,0.0581,0.1461,66,0.68,6.56,1,18,2,0,0,0,0,1,50.0,0,0,0,0,1,0,0,0,0,0,0,0,0,0,1,0,0,0,1,0,0,0
910,0.0308,0.1581,24,0.43,4.16,0,24,11,0,1,0,0,4,,0,1,0,0,1,0,1,0,0,0,0,0,0,0,1,0,0,0,0,0,0,0
911,0.0951,0.1986,48,0.85,5.67,3,24,4,0,1,0,0,0,5.0,0,1,0,0,0,1,1,0,1,0,0,0,1,0,0,0,0,1,0,0,0,0
912,0.0284,0.1023,30,1.08,0.78,3,26,6,0,1,0,0,2,,0,0,1,0,0,0,0,1,0,1,0,0,0,0,0,0,0,0,0,1,0,0
913,0.0489,0.1305,70,0.47,9.49,6,1,6,1,0,1,0,1,15.0,1,0,0,0,1,0,1,1,0,0,0,1,0,0,0,0,0,0,0,0,1,0
914,0.132,0.2811,47,0.37,14.32,5,17,5,0,0,1,0,0,5.0,1,0,0,1,0,0,1,0,1,0,1,0,0,0,0,0,0,0,0,0,0,1
915,0.1428,0.2744999999999999,16,0.93,2.0,0,31,3,0,1,0,0,1,,1,0,0,0,0,1,1,0,1,1,0,0,0,0,0,0,0,0,1,0,0,0
916,0.0472,0.1401,14,0.64,2.95,3,13,2,0,0,0,0,3,0.0,1,0,0,1,0,0,0,0,0,0,0,1,0,0,0,0,0,0,0,0,0,1
917,0.0336,0.0705,21,0.73,-0.1,3,25,9,0,1,0,0,3,,1,0,0,0,0,0,0,1,0,0,0,1,0,0,0,0,0,0,0,0,1,0
918,0.0287,0.1161,29,0.54,4.49,5,26,4,0,1,1,0,2,,0,0,1,0,0,0,0,1,0,0,1,0,0,0,0,0,0,0,1,0,0,0
919,0.022,0.12,47,0.41,3.02,1,26,8,0,1,0,0,3,15.0,0,1,0,0,0,0,1,1,0,0,0,0,0,1,0,0,1,0,0,0,0,0
920,0.1062,0.1653,25,0.36,8.79,6,27,7,0,1,1,0,0,,1,0,0,0,1,0,0,0,0,0,0,1,0,0,0,0,0,0,0,0,1,0
921,0.031,0.1188,37,0.92,2.16,4,18,4,0,0,0,1,1,5.0,0,1,1,0,0,0,1,1,0,1,0,0,0,0,0,0,0,0,0,1,0,0
922,0.0625,0.0921,16,0.54,3.63,6,19,10,0,0,1,0,0,,1,0,0,0,0,1,1,1,0,0,0,1,0,0,0,0,0,0,0,0,1,0
923,0.0453,0.1416,24,0.41,3.27,2,26,11,0,1,0,0,3,,0,1,0,0,0,0,1,0,0,0,0,1,0,0,0,0,0,0,0,0,1,0
924,0.0967,0.2349,86,1.66,1.56,4,3,10,1,0,0,0,2,50.0,1,0,0,0,0,0,0,0,1,0,0,0,1,0,0,0,0,0,1,0,0,0
925,0.0302,0.1599,35,0.88,2.68,4,3,1,1,0,0,0,4,5.0,0,0,0,0,1,0,0,0,0,0,0,0,1,0,0,0,1,0,0,0,0,0
926,0.0461,0.2309999999999999,40,0.37,15.3,0,28,4,0,1,0,0,4,5.0,0,1,0,0,1,0,0,0,1,0,1,0,0,0,0,0,0,0,0,1,0,0
927,0.026,0.1182,65,0.52,4.66,1,22,7,0,0,0,0,3,50.0,0,0,1,0,0,0,0,1,0,0,0,0,0,0,0,1,0,0,0,1,0,0
928,0.1267,0.1824,66,0.35,14.16,2,24,9,0,1,0,0,1,15.0,1,0,0,1,0,0,0,0,1,0,1,0,0,0,0,0,0,1,0,0,0,0
929,0.0304,0.1002,26,0.45,3.7,2,25,6,0,1,0,0,2,,0,1,1,0,0,0,1,1,0,0,0,1,0,0,0,0,0,0,0,0,1,0
930,0.1174,0.1659,20,0.48,9.54,1,3,6,1,0,0,0,0,,0,0,0,0,0,1,1,0,1,0,0,0,0,1,0,0,1,0,0,0,0,0
931,0.0351,0.1695,41,0.49,5.88,0,6,10,1,0,0,0,3,5.0,0,1,0,0,0,1,0,0,0,0,0,0,0,1,0,0,0,0,0,1,0,0
932,0.0348,0.1485,16,0.42,6.16,3,27,3,0,1,0,0,4,,0,0,0,0,0,0,0,0,0,0,0,0,0,1,0,0,0,0,0,0,0,0
933,0.0908,0.1446,72,0.97,2.04,6,6,7,1,0,1,0,0,50.0,1,0,1,0,0,0,0,0,0,0,0,0,0,0,1,0,0,0,0,1,0,0
934,0.0494,0.1725,64,0.68,5.72,5,22,3,0,0,1,0,3,50.0,0,0,0,0,1,0,0,0,0,0,0,1,0,0,0,0,0,1,0,0,0,0
935,0.036,0.1272,36,0.51,6.34,3,2,10,1,0,0,0,0,5.0,0,0,0,0,0,0,1,1,0,0,1,0,0,0,0,0,0,0,0,1,0,0
936,0.0322,0.09,15,1.62,0.33,1,1,4,1,0,0,0,2,,0,1,1,0,0,0,1,1,0,0,0,0,1,0,0,0,0,0,0,0,1,0
937,0.0257,0.1056,6,0.35,6.16,5,15,11,0,0,1,0,3,0.0,0,1,0,0,0,0,0,1,0,0,1,0,0,0,0,0,0,0,0,0,0,1
938,0.0571,0.2238,7,0.5,9.83,4,27,6,0,1,0,0,3,0.0,0,0,0,0,0,0,1,0,1,1,0,0,0,0,0,0,0,1,0,0,0,0
939,0.0706,0.1646999999999999,48,0.95,2.7,2,8,1,0,0,0,0,1,15.0,0,1,0,1,0,0,0,0,1,0,0,0,0,0,0,0,0,0,0,1,0,0
940,0.0433,0.1764,35,0.58,6.44,4,3,1,1,0,0,0,4,5.0,1,0,0,0,0,0,1,0,0,0,0,0,0,0,1,0,1,0,0,0,0,0
941,0.0192,0.0948,24,0.64,3.16,1,30,12,0,1,0,0,4,,0,1,0,1,0,0,1,1,0,0,0,0,0,0,0,1,0,0,0,0,1,0
942,0.0601,0.0789,48,0.7,-0.25,1,13,5,0,0,0,0,0,5.0,1,0,0,0,1,0,1,1,0,0,0,1,0,0,0,0,0,0,0,0,0,1
943,0.0604,0.1599,5,0.68,3.53,2,8,10,0,0,0,0,2,0.0,1,0,0,0,0,0,0,0,0,0,0,1,0,0,0,0,0,0,0,0,0,1
944,0.0635,0.1983,10,1.23,0.08,0,21,4,0,0,0,0,4,0.0,1,0,0,1,0,0,1,0,1,0,0,0,0,0,0,0,1,0,0,0,0,0
945,0.024,0.1119,6,0.97,2.16,0,18,8,0,0,0,0,3,0.0,0,1,0,0,1,0,0,1,0,1,0,0,0,0,0,0,0,0,0,0,1,0
946,0.0361,0.1149,48,0.26,9.23,3,31,7,0,1,0,0,1,5.0,0,0,0,0,0,1,1,1,0,0,0,0,0,1,0,0,0,0,1,0,0,0
947,0.0549,0.1398,14,1.7,0.95,4,5,9,1,0,0,0,1,0.0,0,1,0,0,0,0,0,0,0,0,0,0,1,0,0,0,0,1,0,0,0,0
948,0.0216,0.096,39,1.04,0.92,1,18,3,0,0,0,0,4,5.0,0,0,0,0,0,1,0,1,0,0,0,0,0,0,0,0,0,0,0,0,1,0
949,0.072,0.1722,23,1.07,3.05,4,14,11,0,0,0,0,3,,0,0,0,0,1,0,1,0,1,1,0,0,0,0,0,0,1,0,0,0,0,0
950,0.0921,0.2487,20,0.4,7.86,1,18,3,0,0,0,0,0,,0,1,0,1,0,0,0,0,1,0,1,0,0,0,0,0,0,1,0,0,0,0
951,0.0273,0.0935999999999999,7,0.34,5.76,4,14,2,0,0,0,0,3,0.0,1,0,0,0,1,0,1,1,0,0,0,0,0,1,0,0,0,0,1,0,0,0
952,0.0305,0.1188,26,0.65,0.28,5,24,5,0,0,1,0,3,,1,0,0,1,0,0,1,1,0,0,0,0,0,0,1,0,0,1,0,0,0,0
953,0.0944,0.1374,28,0.49,1.85,4,5,12,1,0,0,0,0,,1,0,0,0,0,0,1,0,0,0,0,1,0,0,0,0,0,0,0,0,1,0
954,0.085,0.2568,46,0.42,12.2,5,8,11,0,0,1,0,2,5.0,0,0,1,0,0,0,1,0,1,0,0,0,0,1,0,0,0,0,0,0,0,0
955,0.0801,0.2412,9,0.81,7.91,1,25,2,0,1,0,0,3,0.0,1,0,0,0,0,0,1,0,1,0,0,0,1,0,0,0,0,0,0,0,0,0
956,0.0733,0.2112,33,0.51,3.47,6,31,8,0,1,1,0,2,5.0,0,1,1,0,0,0,0,0,1,1,0,0,0,0,0,0,0,0,0,0,0,0
957,0.0628,0.132,16,1.11,2.52,6,26,10,0,1,1,0,0,,0,0,0,1,0,0,1,0,0,1,0,0,0,0,0,0,0,0,0,1,0,0
958,0.069,0.12,31,0.5,3.55,2,9,4,0,0,0,0,1,5.0,0,0,0,0,1,0,1,0,0,0,0,0,0,1,0,0,0,1,0,0,0,0
959,0.0801,0.1359,37,1.56,1.44,0,3,11,1,0,0,0,0,5.0,1,0,0,0,0,0,0,0,0,0,0,0,1,0,0,0,0,1,0,0,0,0
960,0.0605,0.1527,8,0.64,1.92,3,19,6,0,0,0,0,1,0.0,0,0,0,1,0,0,1,0,0,0,0,0,0,0,1,0,0,0,0,0,0,0
961,0.0616,0.2163,11,1.1,2.73,2,9,4,0,0,0,0,3,0.0,0,0,0,1,0,0,1,0,1,1,0,0,0,0,0,0,0,0,0,1,0,0
962,0.0589,0.1515,25,0.48,7.87,0,4,8,1,0,0,0,0,,0,1,0,0,1,0,1,0,0,0,1,0,0,0,0,0,0,0,0,1,0,0
963,0.0395,0.1059,44,1.89,-0.55,6,23,11,0,0,1,0,3,5.0,1,0,0,1,0,0,1,0,0,0,0,0,1,0,0,0,0,1,0,0,0,0
964,0.0454,0.123,40,0.75,3.83,3,31,7,0,1,0,0,2,5.0,1,0,0,1,0,0,0,0,0,0,0,0,0,0,0,1,0,1,0,0,0,0
965,0.1503,0.1898999999999999,31,0.55,4.03,0,11,8,0,0,0,0,0,5.0,1,0,0,0,0,1,0,0,1,0,0,0,0,0,1,0,1,0,0,0,0,0
966,0.0492,0.1008,22,1.28,0.54,2,12,3,0,0,0,0,1,,1,0,1,0,0,0,1,1,0,0,0,0,0,0,0,0,0,0,1,0,0,0
967,0.0246,0.0738,15,0.57,2.31,0,21,7,0,0,0,0,3,0.0,1,0,0,0,0,0,1,1,0,0,0,0,0,0,1,0,0,0,0,0,0,1
968,0.0544,0.1293,46,0.38,5.98,5,1,2,1,0,1,0,3,5.0,1,0,1,0,0,0,0,0,0,0,0,0,0,1,0,0,0,0,0,0,0,1
969,0.0447,0.1929,24,0.47,10.01,3,20,11,0,0,0,0,3,,1,0,0,1,0,0,0,0,0,0,0,0,0,0,1,0,0,0,0,1,0,0
970,0.0952,0.2019,27,0.97,4.63,0,13,10,0,0,0,1,0,,1,0,0,0,0,1,1,0,0,0,0,0,0,0,0,1,0,0,0,1,0,0
971,0.1166,0.1845,77,0.41,11.16,6,7,12,1,0,1,0,1,50.0,1,0,0,0,0,0,1,0,1,0,0,0,0,1,0,0,0,0,0,0,1,0
972,0.0853,0.1493999999999999,31,0.9,2.33,6,12,10,0,0,1,0,1,5.0,0,1,0,0,0,1,1,0,1,0,0,0,1,0,0,0,0,0,0,0,0,0
973,0.0371,0.1109999999999999,16,1.39,0.06,1,23,12,0,0,0,0,4,,0,1,1,0,0,0,0,0,0,0,0,0,1,0,0,0,0,0,1,0,0,0
974,0.1148,0.1869,53,0.72,3.65,3,18,12,0,0,0,0,0,15.0,0,1,0,0,0,1,1,0,1,0,0,1,0,0,0,0,0,1,0,0,0,0
975,0.1158,0.2463,49,0.28,20.12,5,25,1,0,1,1,0,0,5.0,0,1,0,1,0,0,0,0,1,0,0,0,0,1,0,0,0,0,1,0,0,0
976,0.0591,0.1805999999999999,46,0.44,6.0,1,4,2,1,0,0,0,2,15.0,1,0,0,0,0,1,0,0,0,0,1,0,0,0,0,0,0,0,0,1,0,0
977,0.0307,0.1452,55,1.2,0.17,1,6,5,1,0,0,0,4,15.0,0,1,0,0,0,0,0,0,0,0,0,0,1,0,0,0,0,0,0,0,1,0
978,0.1285,0.2895,15,0.43,6.91,4,27,6,0,1,0,0,1,0.0,1,0,0,1,0,0,1,0,1,0,0,1,0,0,0,0,0,0,0,0,0,1
979,0.0442,0.1278,18,0.52,2.95,4,29,8,0,1,0,0,3,,0,0,0,0,0,0,1,0,0,0,0,0,0,1,0,0,0,0,0,0,0,0
980,0.0249,0.1272,26,0.77,0.33,0,24,11,0,1,0,0,3,,0,0,0,1,0,0,0,1,0,0,0,1,0,0,0,0,0,0,0,0,0,0
981,0.0745,0.1611,56,0.57,5.84,1,1,7,1,0,0,0,2,15.0,0,1,0,1,0,0,1,0,1,0,0,0,0,0,0,1,0,0,0,0,0,1
982,0.0291,0.1268999999999999,7,0.26,12.96,5,26,7,0,1,1,0,3,0.0,0,0,0,0,0,1,0,1,0,0,1,0,0,0,0,0,0,0,0,0,0,1
983,0.0653,0.1401,12,0.43,2.14,1,4,3,1,0,0,0,1,0.0,0,0,0,0,0,1,0,0,0,0,1,0,0,0,0,0,0,0,0,0,0,1
984,0.1102,0.2733,68,1.88,2.48,2,19,2,0,0,0,0,0,15.0,0,0,0,0,0,0,1,0,1,0,0,0,1,0,0,0,0,0,0,0,0,0
985,0.0283,0.0969,7,1.65,0.44,0,27,10,0,1,0,0,2,0.0,1,0,0,0,0,1,0,1,0,0,0,0,1,0,0,0,0,0,0,0,0,0
986,0.0234,0.096,24,0.45,3.4,1,15,7,0,0,0,0,4,,0,0,1,0,0,0,0,1,0,0,1,0,0,0,0,0,0,0,0,0,1,0
987,0.1293,0.2016,13,1.35,1.87,6,20,4,0,0,1,0,0,0.0,0,0,1,0,0,0,0,0,1,0,0,0,1,0,0,0,0,0,1,0,0,0
988,0.0854,0.1785,63,0.83,3.19,1,2,9,1,0,0,0,0,15.0,1,0,0,0,0,0,1,0,0,1,0,0,0,0,0,0,0,0,0,0,0,1
989,0.0563,0.1149,16,1.99,-0.35,0,27,1,0,1,0,0,0,,1,0,0,1,0,0,0,1,0,0,0,0,1,0,0,0,0,0,1,0,0,0
990,0.0574,0.1154999999999999,12,0.48,3.11,0,6,1,1,0,0,0,0,0.0,1,0,1,0,0,0,1,1,0,0,0,0,0,0,0,1,0,0,0,1,0,0
991,0.0386,0.1611,19,0.69,3.4,3,24,4,0,1,0,0,3,,1,0,1,0,0,0,1,0,0,0,0,0,0,0,1,0,0,0,0,0,0,0
992,0.0432,0.123,10,0.41,3.15,0,9,6,0,0,0,1,0,0.0,0,1,1,0,0,0,0,1,0,0,1,0,0,0,0,0,0,0,0,0,0,1
993,0.0293,0.1251,12,1.01,0.98,3,8,5,0,0,0,0,4,0.0,0,1,0,0,0,0,1,0,0,0,0,0,1,0,0,0,0,0,0,0,0,1
994,0.0222,0.0776999999999999,24,0.51,3.59,0,21,4,0,0,0,0,4,,0,0,0,0,0,1,1,1,0,0,0,0,0,1,0,0,0,0,0,0,1,0
995,0.0216,0.1275,55,1.46,0.15,2,2,7,1,0,0,0,4,15.0,1,0,1,0,0,0,1,1,0,0,0,0,0,0,0,0,0,0,1,0,0,0
996,0.0536,0.1953,49,0.79,8.2,6,13,4,0,0,1,0,4,15.0,0,1,0,0,0,1,1,0,1,0,0,0,0,0,0,1,0,0,0,0,1,0
997,0.0546,0.1779,50,0.97,1.67,6,5,1,1,0,1,0,2,5.0,0,0,1,0,0,0,0,0,0,0,0,0,0,0,1,0,1,0,0,0,0,0
998,0.039,0.177,11,0.93,0.93,5,11,1,0,0,1,0,2,0.0,0,1,0,0,0,0,1,0,0,0,0,0,0,0,0,1,0,1,0,0,0,0
999,0.1062,0.2004,64,0.58,10.72,1,14,1,0,0,0,0,0,15.0,0,0,0,1,0,0,1,0,1,0,0,1,0,0,0,0,0,0,0,0,1,0
